OBRIEN,
CASTRO,カストロ
SUTTON,サットン
GREGORY,グレゴリー
MCKINNEY,マッキニー
LUCAS,ルーカス
MILES,マイルス
CRAIG,クレイグ
RODRIQUEZ,
CHAMBERS,チャンバー
HOLT,ホルト
LAMBERT,ランバート
FLETCHER,フレッチャー
WATTS,ウォッツ
BATES,ベイツ
HALE,ヘイル
RHODES,ロードス
PENA,ペナ
BECK,ベック
NEWMAN,ニューマン
HAYNES,ヘインズ
MCDANIEL,マクダニエル
MENDEZ,メンデス
BUSH,ブッシュ
VAUGHN,ヴォーン
PARKS,パークス
DAWSON,ドウソン
SANTIAGO,サンティアゴ
NORRIS,ノリス
HARDY,ハーディ
LOVE,ラヴ
STEELE,スティール
CURRY,カリー
POWERS,パワーズ
SCHULTZ,シュルツ
BARKER,バーカー
GUZMAN,グズマン
PAGE,ページ
MUNOZ,ムニョス
BALL,バル
KELLER,ケラー
CHANDLER,チャンドラー
WEBER,ウェーバー
LEONARD,レオナルド
WALSH,ウォルシュ
LYONS,ライオンズ
RAMSEY,ラムゼイ
WOLFE,ウルフ
SCHNEIDER,シュナイダー
MULLINS,マリンズ
BENSON,ベンソン
SHARP,シャープ
BOWEN,ボーエン
DANIEL,ダニエル
BARBER,バーバー
CUMMINGS,カミングス
HINES,ハインズ
BALDWIN,ボールドウィン
GRIFFITH,グリフィス
VALDEZ,ヴァルデス
HUBBARD,ハバード
SALAZAR,サラザール
REEVES,リーヴス
WARNER,ワーナー
STEVENSON,スティーブンソン
BURGESS,バージェス
SANTOS,サントス
TATE,テート
CROSS,クロス
GARNER,ガーナー
MANN,マン
MACK,マック
MOSS,モス
THORNTON,ソーントン
DENNIS,デニス
MCGEE,マギー
FARMER,ファーマー
DELGADO,デルガド
AGUILAR,アギラル
VEGA,ベガ
GLOVER,グローバー
MANNING,マンニング
COHEN,コーヘン
HARMON,ハーモン
RODGERS,ロジャース
ROBBINS,ロビンズ
NEWTON,ニュートン
TODD,トッド
BLAIR,ブレア
HIGGINS,ヒギンズ
INGRAM,イングラム
REESE,リース
CANNON,キャノン
STRICKLAND,ストリックランド
TOWNSEND,タウンセンド
POTTER,ポッター
GOODWIN,グッドウィン
WALTON,ウォルトン
ROWE,ロー
HAMPTON,ハンプトン
ORTEGA,オルテガ
PATTON,パットン
SWANSON,スワンソン
JOSEPH,ジョセフ
FRANCIS,フランシス
GOODMAN,グッドマン
MALDONADO,マルドナド
YATES,イェーツ
BECKER,ベッカー
ERICKSON,エリクソン
HODGES,ホッジズ
RIOS,リオス
CONNER,コナー
ADKINS,アドキンズ
WEBSTER,ウェブスター
NORMAN,ノーマン
MALONE,マロン
HAMMOND,ハモンド
FLOWERS,フラワーズ
COBB,カップ
MOODY,ムーディー
QUINN,クイン
BLAKE,ブレイク
MAXWELL,マックスウェル
POPE,ポウプ
FLOYD,フロイド
OSBORNE,オズボーン
PAUL,ポール
MCCARTHY,マカーシー
GUERRERO,ゲレロ
LINDSEY,リンジー
ESTRADA,エストラダ
SANDOVAL,サンドバル
GIBBS,ギッブス
TYLER,タイラー
GROSS,グロース
FITZGERALD,フィッツジェラルド
STOKES,ストークス
DOYLE,ドイル
SHERMAN,シャーマン
SAUNDERS,サウンダース
WISE,ワイズ
COLON,コロン
GILL,ギル
ALVARADO,アルバラド
GREER,グリア
PADILLA,パディラ
SIMON,サイモン
WATERS,ウォーターズ
NUNEZ,ヌーニェス
BALLARD,バラード
SCHWARTZ,シュワルツ
MCBRIDE,マックブライド
HOUSTON,ヒューストン
CHRISTENSEN,クリステンセン
KLEIN,クライン
PRATT,プラット
BRIGGS,ブリッグス
PARSONS,パーソンズ
MCLAUGHLIN,マクラフリン
ZIMMERMAN,ジンマーマン
FRENCH,フレンチ
BUCHANAN,ブキャナン
MORAN,モラン
COPELAND,コープランド
ROY,ロイ
PITTMAN,ピットマン
BRADY,ブレイディ
MCCORMICK,マッコーミック
HOLLOWAY,ホロウェイ
BROCK,ブロック
POOLE,プール
FRANK,フランク
LOGAN,ローガン
OWEN,オーウェン
BASS,ベース
MARSH,マーシュ
DRAKE,ドレイク
WONG,ウォン
JEFFERSON,ジェファーソン
PARK,パーク
MORTON,モートン
ABBOTT,アボット
SPARKS,スパークス
PATRICK,パトリック
NORTON,ノートン
HUFF,ハフ
CLAYTON,クレイトン
MASSEY,マッセイ
LLOYD,ロイド
FIGUEROA,フィゲロア
CARSON,カーソン
BOWERS,ボワーズ
ROBERSON,ロバーソン
BARTON,バートン
TRAN,トラン
LAMB,ラム
HARRINGTON,ハリントン
CASEY,ケーシー
BOONE,ブーン
CORTEZ,コルテス
CLARKE,クラーク
MATHIS,マティス
SINGLETON,シングルトン
WILKINS,ウィルキンス
CAIN,ケイン
BRYAN,ブライアン
UNDERWOOD,アンダーウッド
HOGAN,ホーガン
MCKENZIE,マッケンジー
COLLIER,コリアー
LUNA,ルナ
PHELPS,フェルプス
MCGUIRE,マグァイア
ALLISON,アリソン
BRIDGES,ブリッジ
WILKERSON,ウィルカーソン
NASH,ナッシュ
SUMMERS,サマーズ
ATKINS,アトキンズ
WILCOX,ウィルコックス
PITTS,ピッツ
CONLEY,コンリー
MARQUEZ,マルケス
BURNETT,バーネット
RICHARD,リチャード
COCHRAN,コクラン
CHASE,チェーズ
DAVENPORT,ダベンポート
HOOD,フード
GATES,ゲイツ
CLAY,クレー
AYALA,アヤラ
SAWYER,ソーヤー
ROMAN,ロマン
VAZQUEZ,バスケス
DICKERSON,ディッカーソン
HODGE,ホッジ
ACOSTA,アコスタ
FLYNN,フリン
ESPINOZA,エスピノザ
NICHOLSON,ニコルソン
MONROE,モンロー
WOLF,ウォルフ
MORROW,モロウ
KIRK,カーク
RANDALL,ランドール
ANTHONY,アントニー
WHITAKER,ウィテカー
OCONNOR,
SKINNER,スキナー
WARE,ウェア
MOLINA,モリナ
KIRBY,カービー
HUFFMAN,ハフマン
BRADFORD,ブラッドフォード
CHARLES,チャールズ
GILMORE,ギルモア
DOMINGUEZ,ドミンゲス
ONEAL,
BRUCE,ブルース
LANG,ラング
COMBS,クームズ
KRAMER,クラマー
HEATH,ヒース
HANCOCK,ハンコック
GALLAGHER,ギャラガー
GAINES,ゲイン
SHAFFER,シェーファー
SHORT,ショート
WIGGINS,ウィギンズ
MATHEWS,マシューズ
MCCLAIN,マクレイン
FISCHER,フィッシャー
WALL,オール
SMALL,スモール
MELTON,メルトン
HENSLEY,ヘンズリー
BOND,ボンド
DYER,ダイアー
CAMERON,カメロン
GRIMES,グライムス
CONTRERAS,コントレラス
CHRISTIAN,クリスチャン
WYATT,ワイアット
BAXTER,バクスター
SNOW,スノウ
MOSLEY,モズリイ
SHEPHERD,シェパード
LARSEN,ラーセン
HOOVER,フーバー
BEASLEY,ビーズリー
GLENN,グレン
PETERSEN,ピーターセン
WHITEHEAD,ホワイトヘッド
MEYERS,マイヤーズ
KEITH,キース
GARRISON,ガリソン
VINCENT,ヴィンセント
SHIELDS,シールド
HORN,ホーン
SAVAGE,サベージ
OLSEN,オルセン
SCHROEDER,シュローダー
HARTMAN,ハートマン
WOODARD,ウッダード
MUELLER,ミューラー
KEMP,ケンプ
DELEON,デレオン
BOOTH,ブース
PATEL,パテル
CALHOUN,カルホーン
WILEY,ワイリー
EATON,イートン
CLINE,クライン
NAVARRO,ナヴァロ
HARRELL,ハレル
LESTER,レスター
HUMPHREY,ハンフリー
PARRISH,パリッシュ
DURAN,デュラン
HUTCHINSON,ハッチンソン
HESS,ヘス
DORSEY,ドーセイ
BULLOCK,バロック
ROBLES,ロブレス
BEARD,ベアード
DALTON,ダルトン
AVILA,アビラ
VANCE,ヴァンス
RICH,リッチ
BLACKWELL,ブラックウェル
YORK,ヨーク
JOHNS,ジョンズ
BLANKENSHIP,ブランケンシップ
TREVINO,トレビノ
SALINAS,サリナス
CAMPOS,カンポス
PRUITT,プルイット
MOSES,モーセ
CALLAHAN,カラハン
GOLDEN,ゴールデン
MONTOYA,モントーヤ
HARDIN,ハーディン
GUERRA,ゲラ
MCDOWELL,マクドウェル
CAREY,キャリー
STAFFORD,スタフォード
GALLEGOS,ガエーゴス
HENSON,ヘンソン
WILKINSON,ウィルキンソン
BOOKER,ブッカー
MERRITT,メリット
MIRANDA,ミランダ
ATKINSON,アトキンソン
ORR,オァー
DECKER,デッカー
HOBBS,ホブス
PRESTON,プレストン
TANNER,タナー
KNOX,ノックス
PACHECO,パチェコ
STEPHENSON,ステファンソン
GLASS,グラス
ROJAS,ロハス
SERRANO,セラーノ
MARKS,マークス
HICKMAN,ヒックマン
ENGLISH,イングリッシュ
SWEENEY,スウィニー
STRONG,ストロング
PRINCE,プランス
MCCLURE,マクリュア
CONWAY,コンウェイ
WALTER,ウォルター
ROTH,ロス
MAYNARD,メイナード
FARRELL,ファレル
LOWERY,ラウリー
HURST,ハースト
NIXON,ニクソン
WEISS,ワイス
TRUJILLO,ツルヒーロ
ELLISON,エリソン
SLOAN,スローン
JUAREZ,ジュアレス
WINTERS,ウインターズ
MCLEAN,マクリーン
RANDOLPH,ランドルフ
LEON,レオン
BOYER,ボイヤー
VILLARREAL,ヴィラリアル
MCCALL,マコール
GENTRY,ジェントリー
CARRILLO,カリーリョ
KENT,ケント
AYERS,エアーズ
LARA,ララ
SHANNON,シャノン
SEXTON,セクストン
PACE,ペース
HULL,ハル
LEBLANC,ルブラン
BROWNING,ブローニング
VELASQUEZ,ベラスケス
LEACH,リーチ
CHANG,チャン
HOUSE,ハウス
SELLERS,セラーズ
HERRING,ヒーリング
NOBLE,ノーブル
FOLEY,フォリー
BARTLETT,バートレット
MERCADO,メルカド
LANDRY,ランドリー
DURHAM,ダーラム
WALLS,ウォールス
BARR,バール
MCKEE,マッキー
BAUER,バウアー
RIVERS,リヴァース
EVERETT,エベレット
BRADSHAW,ブラッドショー
PUGH,ピュー
VELEZ,ベレス
RUSH,ラッシュ
ESTES,エスティス
DODSON,ドッドソン
MORSE,モース
SHEPPARD,シェパード
WEEKS,ウィークス
CAMACHO,カマチョ
BEAN,ビーン
BARRON,バロン
LIVINGSTON,リビングストン
MIDDLETON,ミドルトン
SPEARS,スピアーズ
BRANCH,ブランチ
BLEVINS,ブレヴィンス
CHEN,チェン
KERR,カー
MCCONNELL,マッコネル
HATFIELD,ハットフィールド
HARDING,ハーディング
ASHLEY,アシュレイ
SOLIS,ソリス
HERMAN,ハーマン
FROST,フロスト
GILES,ジャイルズ
BLACKBURN,ブラックバーン
WILLIAM,ウィリアム
PENNINGTON,ペニントン
WOODWARD,ウッドワード
FINLEY,フィンレー
MCINTOSH,マキントッシュ
KOCH,コッホ
BEST,ベスト
SOLOMON,ソロモン
MCCULLOUGH,マクロウ
DUDLEY,ダドリー
NOLAN,ノーラン
BLANCHARD,ブランチャード
RIVAS,リバス
BRENNAN,ブレナン
MEJIA,メヒア
KANE,ケイン
BENTON,ベントン
JOYCE,ジョイス
BUCKLEY,バックレー
HALEY,ヘーリー
VALENTINE,バレンタイン
MADDOX,マドックス
RUSSO,ルッソ
MCKNIGHT,マクナイト
BUCK,バック
MOON,ムン
MCMILLAN,マクミラン
CROSBY,クロスビー
BERG,ベルグ
DOTSON,ドットソン
MAYS,メイズ
ROACH,ローチ
CHURCH,チャーチ
CHAN,チェン
RICHMOND,リッチモンド
MEADOWS,メドウズ
FAULKNER,フォークナー
ONEILL,
KNAPP,ナップ
KLINE,クライン
BARRY,バリー
OCHOA,オチョア
JACOBSON,ジェイコブソン
GAY,ゲイ
AVERY,エイヴァリー
HENDRICKS,ヘンドリックス
HORNE,ホーン
SHEPARD,シェパード
HEBERT,エベール
CHERRY,チェリー
CARDENAS,カルデナス
MCINTYRE,マッキンタイヤー
WHITNEY,ホイットニー
WALLER,ワラー
HOLMAN,ホルマン
DONALDSON,ドナルドソン
CANTU,カンタ
TERRELL,テレル
MORIN,モーリン
GILLESPIE,ジレスピー
FUENTES,フエンテス
TILLMAN,ティルマン
SANFORD,サンフォード
BENTLEY,ベントレー
PECK,ペック
KEY,キー
SALAS,サラス
ROLLINS,ロリンズ
GAMBLE,ギャンブル
DICKSON,ディクソン
BATTLE,バトル
SANTANA,サンタナ
CABRERA,カブレラ
CERVANTES,セルバンテス
HOWE,ハオウ
HINTON,ヒントン
HURLEY,ハーレー
SPENCE,スペンス
ZAMORA,サモラ
YANG,ヤン
MCNEIL,マクニール
SUAREZ,スアレス
CASE,ケイス
PETTY,ペティ
GOULD,グールド
MCFARLAND,マクファーランド
SAMPSON,サンプソン
CARVER,カーバー
BRAY,ブレイ
ROSARIO,ロサリオ
MACDONALD,マクドナルド
STOUT,スタウト
HESTER,ヘスター
MELENDEZ,メレンデス
DILLON,ディロン
FARLEY,ファーリー
HOPPER,ホッパー
GALLOWAY,ギャロウェイ
POTTS,ポッツ
BERNARD,バーナード
JOYNER,ジョイナー
STEIN,シュタイン
AGUIRRE,アギレ
OSBORN,オスボーン
MERCER,マーサー
BENDER,ベンダー
FRANCO,フランコ
ROWLAND,ローランド
SYKES,サイクス
BENJAMIN,ベンジャミン
TRAVIS,トラビス
PICKETT,ピケット
CRANE,クレーン
SEARS,シアーズ
MAYO,マヨ
DUNLAP,ダンラップ
HAYDEN,ヘイデン
WILDER,ワイルダー
MCKAY,マッケイ
COFFEY,コッフィ
MCCARTY,マッカーティ
EWING,ユーイング
COOLEY,クーリー
VAUGHAN,ヴォーガン
BONNER,ボンナー
COTTON,コットン
HOLDER,ホールダー
STARK,スターク
FERRELL,フェレル
CANTRELL,キャントレル
FULTON,フルトン
LYNN,リン
LOTT,ロット
CALDERON,カルデロン
ROSA,ローザ
POLLARD,ポラード
HOOPER,フーパー
BURCH,バーチ
MULLEN,ミューレン
FRY,フライ
RIDDLE,リドル
LEVY,リービー
DAVID,デビッド
DUKE,デューク
ODONNELL,
GUY,ギィ
MICHAEL,マイケル
BRITT,ブリット
FREDERICK,フレデリック
DAUGHERTY,ドーアティ
BERGER,バーガー
DILLARD,ディラード
ALSTON,アルストン
JARVIS,ジャービス
FRYE,フライ
RIGGS,リッグス
CHANEY,チャニー
ODOM,オードム
DUFFY,ダフィー
FITZPATRICK,フィッツパトリック
VALENZUELA,バレンスエラ
MERRILL,メリル
MAYER,マイヤー
ALFORD,アルフォード
MCPHERSON,マクファーソン
ACEVEDO,
DONOVAN,ドノバン
BARRERA,バレラ
ALBERT,アルバート
COTE,コート
REILLY,レイリー
COMPTON,コンプトン
RAYMOND,レイモンド
MOONEY,ムーニー
MCGOWAN,マゴーワン
CRAFT,クラフト
CLEVELAND,クリーブランド
CLEMONS,クレモンス
WYNN,ウィン
NIELSEN,ニールセン
BAIRD,ベアード
STANTON,スタントン
SNIDER,スナイダー
ROSALES,ロサーレス
BRIGHT,ブライト
WITT,ウィット
STUART,スチュアート
HAYS,ヘイズ
HOLDEN,ホールデン
RUTLEDGE,ラトリッジ
KINNEY,キニー
CLEMENTS,クレメンツ
CASTANEDA,カスタネダ
SLATER,スレーター
HAHN,ハーン
EMERSON,エマーソン
CONRAD,コンラッド
BURKS,バークス
DELANEY,デラニー
PATE,ペイト
LANCASTER,ランカスター
SWEET,スウィート
JUSTICE,ジャスティス
TYSON,タイソン
SHARPE,シャープ
WHITFIELD,ホイットフィールド
TALLEY,タリー
MACIAS,マシアス
IRWIN,アーヴィン
BURRIS,ブリス
RATLIFF,ラトリフ
MCCRAY,マッククレイ
MADDEN,マデン
KAUFMAN,カウフマン
BEACH,ビーチ
GOFF,ゴッフ
CASH,キャッシュ
BOLTON,ボルトン
MCFADDEN,マクファデン
LEVINE,レヴィン
GOOD,グッド
BYERS,バイヤーズ
KIRKLAND,カークランド
KIDD,キッド
WORKMAN,ワークマン
CARNEY,カーニー
DALE,デール
MCLEOD,マクラウド
HOLCOMB,ホルコム
ENGLAND,イングランド
FINCH,フィンチ
HEAD,ヘッド
BURT,バート
HENDRIX,ヘンドリックス
SOSA,ソーサ
HANEY,ヘイニー
FRANKS,フランクス
SARGENT,サージェント
NIEVES,ニーベス
DOWNS,ダウン
RASMUSSEN,ラスムッセン
BIRD,バード
HEWITT,ヘウィット
LINDSAY,リンゼイ
LE,リー
FOREMAN,フォアマン
VALENCIA,バレンシア
ONEIL,
DELACRUZ,デラクルス
VINSON,ヴィンソン
DEJESUS,デゼズス
HYDE,ハイド
FORBES,フォーブス
GILLIAM,ギリアム
GUTHRIE,ガスリー
WOOTEN,ウーテン
HUBER,ヒューバー
BARLOW,バーロー
BOYLE,ボイル
MCMAHON,マクマーン
BUCKNER,バックナー
ROCHA,ロチャ
PUCKETT,パケット
LANGLEY,ラングレー
KNOWLES,ノールス
COOKE,クック
VELAZQUEZ,ベラスケス
WHITLEY,ホイットリー
NOEL,ノエル
VANG,ヴァン
