SMITH,"スミス,スミッス,スミット"
JOHNSON,"ヨーンゾン,ジョンスン,ジョンソン,ジォンソン,ジョーンスン,ユーンソン,ヨーンソン,ヨンソン"
WILLIAMS,"ウイリアムズ,ウィリアム,ウイリアムス,ウィリアムス,ウィリアムズ,ウィリアミ,ウイリアム,ウィリヤムス,ウィリヤムズ,ウィルヤムス,ウィルリアム,ウィルリヤム,ウィルレム"
JONES,"ジョウンズ,ジョンズ,ジョーンズ,ジォーンズ,ジョーンス,ジョンス,ヨネス"
BROWN,"ブラウン,ブラオン,ブロウン"
DAVIS,"ディビス,デヴィス,デビス,ディヴィス,デイヴィス,デイビス,デーヴィス,デービス,ダヴィ,ダビス,ディーヴーイス,ディーヴィス,デイヴィズ,デイトン,デイビィス,デェヴィス,デェビィス,デェビス,テビス"
MILLER,"ミルレル,ミレール,ミレル,ミラー,ミイラー,ミラ,ミラア,ミルラー,ミルレー,ミールレル,ミレー"
WILSON,"ウイルソン,ウィルスン,ウィルソン,ヴィルソン,ウェルソン"
MOORE,"モア,ムア,ムーア,ムーアー,ムウア,モーア,モアー"
TAYLOR,"タイラー,テイラー,テーラー,タイロル,ティラー,テイラ,テイラァ,テイロア,テイロル,テーラ,テーロール,テーロル,テロール"
ANDERSON,"アンダスン,アンデション,アンダースン,アンダソン,アンデルソン,アンダーソン,アンダーション,アンダション,アンダース,アンデェション"
THOMAS,"トーマ,トマ,トーマス,トマス,タマス,トゥーマス,トウマス,トオマス,トンマーゾ"
JACKSON,"ジャクスン,ジャクソン,ジャックソン"
WHITE,"ホワイト,ウァイト,ホアイト,ホライト,ワイト"
HARRIS,"ハリス,ハーリス"
MARTIN,"マッティン,マーティ,マーティー,マルティーン,マーチン,マーティン,マルタン,マルチン,マルティン,マアチン,マチン,マーテン,マルチーン,マルティヌス,マルティーノ,マルテン,メルティン"
THOMPSON,"トムスン,トンプスン,トムソン,トンプソン,ソンプソン,タムソン,タムプソン,トムプスン,トムプソン"
GARCIA,"ガルシーア,ガルシア,ガーシア,ガルスィア"
MARTINEZ,"マーティネス,マルチネス,マルティネス,マーティーニズ,マーティンス,マルチネーゼ,マルティーネス,マルティネズ"
ROBINSON,"ロビンスン,ロビンソン,ロバンソン,ロビソン,ロービンソン,ロヒンソン"
CLARK,"クラーク,クラアク"
RODRIGUEZ,"ロドリゲス,ロデリゲス,ロドリーゲス,ロードリゲツ"
LEWIS,"リュイス,ルー,レヴィス,レビス,ルーイス,ルイス,リューイス,リュウィス,ルーイズ,ルイース,ルイズ,ルーウィス,ルゥイス,ルウィス,レイズ,レヴィ,レーヴィス,レウィス,レービス"
LEE,"リー,イー,リィー,リイ,レー"
WALKER,"ウォーカー,ヴァルカー,ウォカー,ウオーカー,ウォーケル,ウォルカー,ワォーカー"
HALL,"ホール,ハッル,ハル,ホオル"
ALLEN,"アラン,アレン,アリン,アルレン,アーレン"
YOUNG,"ヤン,ヤング,ヨン,ヨング"
HERNANDEZ,"ヘルナンデス,エルナンデス,フェルナンデス"
KING,"キン,キング"
WRIGHT,"ウリクト,ヴリグト,ライト"
LOPEZ,"ロペズ,ロペス,ローペッツ"
HILL,"ヒル,ヒール,ヒルズ"
SCOTT,"スコット,スッコト"
GREEN,"グリーン,グリイン"
ADAMS,"アダムス,アダムズ,アダム"
BAKER,"ベイカー,ベーカー,バカル,バケル,ベーカ"
GONZALEZ,"ゴンサレス,ゴンザレス,ゴンサーレス,ゴンザーレス"
NELSON,"ネルスン,ネルソン,ネルゾン"
CARTER,"カーター,カータ,カルター"
MITCHELL,"ミッチェル,マイケル,ミチェル,ミッシェル"
PEREZ,"ペレズ,ペレス,ペレ,ペーレース,ペレーズ,ペレツ,ペレッツ"
ROBERTS,"ロバーツ,ロバアツ,ロバート,ロベール,ロベルツ,ロベルト"
TURNER,"トゥルネル,ターナー,ターナ,タナー,トルネル"
PHILLIPS,"フィリプス,フィリップス,フィリップ,フィーリプス"
CAMPBELL,"カンベル,キャンブル,キャンベル,キャムベル,キャンプベル"
PARKER,"パーカー,パアカー,パーカア,パークル"
EVANS,"エヴァンス,エヴァンズ,エバンス,エバンズ,イヴァンス,イバンス,エヴァン,エヴアンズ"
EDWARDS,"エドワード,エドワーズ,エドアール,エドヴァール,エドワァズ,エドワール,エドワルズ"
COLLINS,"コリンズ,カリンズ,コーリンス,コリンス"
STEWART,"ステュアート,ステュワート,スチュアート,スチュワート,スチウワート,スチュワード,スチワート,スティワート,ステウァート,ステウァルト,ステューアート,ステューアト,ステワート,ステワード"
SANCHEZ,"サンチェス,サンチェーズ,サンチェズ"
MORRIS,"モーリス,モリス,モリース"
ROGERS,"ロジャー,ロジャース,ロジャーズ,ローゲル,ロージァーズ,ロージァス,ロージァズ,ロージャース,ロージャーズ,ロージャズ,ローゼルス,ロッジァース"
REED,リード
COOK,"コック,クック,クーク,クーケ"
MORGAN,"モーガン,モルガン,モリャン"
BELL,ベル
MURPHY,"マーフィ,マーフィー,モルフィ"
BAILEY,"ベイリ,ベーリー,ベイリー,バイリー,バイレイ,ベィリー,ベイリィ,ベイレー,ベーリ,ベーレー"
RIVERA,"リヴェラ,リベーラ,リベラ"
COOPER,"クーパー,カッパー,クウパア,クーバー,クーパ"
RICHARDSON,"リチャードスン,リチャードソン"
COX,コックス
HOWARD,"ハウァード,ハウアード,ハウアド,ホワード,ハワード,オヴァール,ハウァド,ハワアド,ハーワード,ハワド,ヒュワード,ホワァド,ホーワード"
WARD,"ワード,ウォード,ウァード,ウォオド,ヴォード,ウワード,ワアド,ワォード,ワルド"
TORRES,"トルレス,トーレス,トレス,トレース"
PETERSON,"ピータースン,ペテルソン,ピーターソン,ペーテション,パターソン,ピタースン,ピターソン,ペーターソン,ペダーソン,ペッテション,ペテッション,ペーテルソン"
GRAY,"グレー,グレイ"
RAMIREZ,"ラミレス,ラミレイス,ラミレズ,ラミレツ,ラミレッツ"
JAMES,"ジェムス,ジャム,ジェイムス,ジェイムズ,ジェームス,ジェームズ,ジェイミズ,ジェイム,ジェィムズ,ジェエムス,ジェムズ,ジームス,ジームズ,ジャウメ,ジャミ,ゼィームス,ゼイムス,ゼエムス,ゼームス,ゼームズ,ヤーメス"
WATSON,"ワトスン,ウォトソン,ワトソン,ウェッソン,ヴェトゥスン,ウォトスン,ワッスン,ワッソン,ワットサン,ワットソン"
BROOKS,"ブルークス,ブルックス,ブルーク,ブルクス,ブルック,ブロックス"
KELLY,"ケリ,ケリー,ケーリー,ケリィ,ケレー"
SANDERS,"サンダーズ,サンダース,サンダ,サンダー,サンダア,サーンダズ,ザンダース,サンダル,サンデール,サンデル,サンデルス,ザンデルス,サンドルス"
PRICE,プライス
BENNETT,"ベネット,ベンネット"
WOOD,"ウッド,ウッズ,ウード"
BARNES,"バーンズ,バアーネス,バアネス,バアーンス,バアンス,バーネス,バールンス,バルンス,バーンス"
ROSS,"ロッス,ロス"
HENDERSON,"ヘンダースン,ヘンダソン,ヘンダーソン,ヘンダアスン,ヘンダスン,ヘンデルソン"
COLEMAN,"コールマン,コウルマン,コーレマン"
JENKINS,"ジェンキンス,ジェンキンズ"
PERRY,"ペリ,ペリー,ペェレェ,ペーリー,ペリィ,ペルリ"
POWELL,"パウェル,ポウエル,ポーエル,パウエル,ポウウェル,ポーウェル"
LONG,"ロン,ロング"
PATTERSON,"パタースン,パタソン,パターソン,パッターソン"
HUGHES,"ヒュース,ヒューズ,ヒウース,ヒウズ,ヒュー,ヒュウス,ユーグ"
FLORES,"フローレス,フロレス,フローリス,フローレンス"
WASHINGTON,"ワシントン,ウォシントン,ワシンタン"
BUTLER,"バトラー,バター,バットラー,バットラア,バトラ,バトラァ,ブツル"
SIMMONS,"シモンズ,シモン,セメンズ"
FOSTER,"フォースター,フォスター,フォスタル,ホストル"
GONZALES,"ゴンサレス,ゴンザレス"
BRYANT,"ブライアント,ブライアン,ブライヤント,ブリアント"
ALEXANDER,"アレキサンデル,アレキサンドル,アレクザンダー,アレグサンダー,アリグザンダー,アレキサンダー,アレクサンダー,アレグザンダー,アレクサンデル,アレクサンドル,アリグザーンダ,アリスター,アルグザンダー,アレキサンダ,アレキザンダー,アレクザンダ,アレグザーンダ,アレグザンダ,アレクサンダル,アレクサンデルス,アレクサンドラ,アレクサンドロス"
RUSSELL,"ラツセル,ルス,ラス,ラッセル,ラスセル,ラセル,ルッセル"
GRIFFIN,"グリファン,グリフィン,グリッヒン,グリッフィン,グリッフイン,グリッフフイン,グリンフィン"
DIAZ,"ディアツ,ディアス,ディアズ,ダイアズ,ディアシュ,ディーアス"
HAYES,"ヘーズ,ヘイズ,ヘイス,ヘース"
MYERS,"マイヤー,マイヤース,マイアーズ,マイヤーズ,マイアース,マイアズ,マイヤ,メイヤーズ"
FORD,フォード
HAMILTON,ハミルトン
GRAHAM,"グラム,グレイアム,グレーアム,グラハム,グレアム,グラーム,グレイハム,グレハム,グレーム"
SULLIVAN,"シュリヴァン,サリヴァン,サリバン,サルリバン"
WALLACE,"ウォーラス,ウォラス,ウオレス,ワレス,ウォリス,ウォーレス,ウォレス,ウァーレス,ウォーリー,ウォーリス,ウオリス,ウォルス,ウォルレイス,ウォレィス,ウォレース,ウォレンス,ワラス,ワルレス,ワーレス,ワレース"
WOODS,"ウッズ,ウーズ,ウッド"
COLE,"コール,コー,コウル,コオル"
WEST,"ウェスト,ウエスト,ウィスト,ヴェスト"
JORDAN,"ヨルダン,ジョーダン,ジョルダン,ジョダン,ジョルドン,ホルダン,ヨルダヌス"
OWENS,"オーウェンス,オーウェンズ,オーエンス,オーエンズ,オーインズ,オーウィンズ,オーウェン,オウェンズ,オウエンズ,オーエン"
REYNOLDS,"レーノルズ,レノルズ,レナルズ,レイノルズ,レイノールズ,レナレズ"
FISHER,"フィッシャー,フィシア,フィシアー,フィシャー,フィシャル,フィショル,フィッシァー,フィッシェル,フィッシャ,フィッチャー,フヒッシャル"
ELLIS,"エリス,イリス,エリース"
HARRISON,"ハリスン,ハリソン,ハルリソン"
GIBSON,"ギブスン,ギブソン,ジップソン"
MCDONALD,マクドナルド
CRUZ,"クルース,クルーズ,クルツ,クルス,クールズ"
MARSHALL,マーシャル
ORTIZ,"オーティス,オーティズ,オルティーズ,オルティス,オーティーズ,オティーズ,オーティツ,オルティース,オルティズ"
GOMEZ,"ゴメス,ゴメズ,ゴーメッズ,ゴーメッツ"
MURRAY,"マーリ,マーレー,モルレー,マーレイ,マリ,マリー,マレー,マレイ,マアレー,マアレイ,マウレー,マリイ,マレ,マーレィ,マレィ,マレエ,ミュレー,ミュレイ,ムーレー,ムレー,ムーレイ,ムレイ,モーリイ,モルレイ,モーレー"
FREEMAN,"フリーマン,フリイマン"
WELLS,"ウェルス,ウエルズ,ウェルズ,ウェールズ,ヴェルズ,エルス"
WEBB,"ウェップ,ウエッブ,ウェッブ,ウェブ,ヴェッブ,エッブ"
SIMPSON,"シンプスン,シンプソン,シムソン,シムプソン"
STEVENS,"スチーブンス,ステヴァンス,スティーヴンス,スティーヴンズ,スティーブンス,スティーブンズ,シュテフェンス,スチーヴンス,スチーブンズ,スチブンス,スティーヴェンス,スティーヴン,スティヴンス,スティヴンズ,スティーブ,スティーブズ,スティブンス,ステヴァン,ステバンス,ステフェンス"
TUCKER,タッカー
PORTER,"ポーター,ポオタア,ポータ,ポルタル,ポルテル"
HUNTER,"ハンター,ハンタ"
HICKS,ヒックス
CRAWFORD,"クロウフォード,クローフォド,クローフォード,クロフォード,クラウフォード,クラッフオード,クリフォード,クロウフア,クロッフォード"
HENRY,"ヘンリイ,アンリ,ヘンリ,ヘンリー,アンリー,アンリイ,ヘイニー,ヘヌリ,ヘヌリー,ヘンリィ,ヘンレ,ヘンレー"
BOYD,"ボイト,ボイド"
MASON,"メースン,メイスン,メイソン,メーソン,マソン,マッソン"
MORALES,"モラーレス,モラレス"
KENNEDY,"ケネディー,ケネディ,ケネデー,ケネデイ"
WARREN,"ワーレン,ワレン,ウォーレン,ウォレン,ウァルレン,ウァレン,ウォリン,ワッレン,ワルレン"
DIXON,"ディクスン,ディクソン,ジクソン,ジグソン,デクソン"
RAMOS,"ラモ,ラモス,ラーモス"
REYES,"レイズ,レイエス,リーイエス,レイェス,レージェス,レジェス"
BURNS,"バーンズ,バアンス,バアンズ,バーンス"
GORDON,"ゴートン,ゴールドン,ゴルドン,ゴードン,ゴオドゥン"
SHAW,"シャウ,ショウ,ショー,ショオ"
HOLMES,"ホウムズ,ホームズ,ホームス,ホルム,ホールムス,ホルムス,ホルムズ"
RICE,"ライス,ルイス"
ROBERTSON,"ロバートスン,ロバートソン,ロバアトソン,ロバトスン,ロバトソン,ロバルトソン,ロボルトソン"
HUNT,"ハント,ウント"
BLACK,"ブラック,ブロック"
DANIELS,"ダニエル,ダニエルス,ダニエルズ,ダニェルス"
PALMER,"パルマー,パーマー,パーマ,パールマー,パルマア,パルメール"
MILLS,"ミルス,ミルズ,マイルス,ミリス,ミル"
NICHOLS,"ニコルス,ニコルズ,ニコラス"
GRANT,"グラント,グラン,グランド"
KNIGHT,ナイト
FERGUSON,"ファーガスン,ファーグソン,ファーガソン,ファーグスン,ファルガスン"
ROSE,"ロース,ローセ,ロゼ,ローズ,ローゼ,オーゼ,ロウズ,ロス,ローゼイ"
STONE,"ストーン,ストウン,ストン"
HAWKINS,"ホーキンス,ホーキンズ,ホウキンス"
DUNN,"ダン,デューン"
PERKINS,"パーキンス,パーキンズ,ペーキンス,ペルキンス"
HUDSON,"ハドスン,ハドソン"
SPENCER,"スペンサー,スペンサア,スペンセリアン,スペンセル"
GARDNER,"ガードナー,ガアドナー,ガートナー,ガードナ"
STEPHENS,"ステフェンス,スティーヴンス,スティーヴンズ,スティーブンス,スティーブンズ,スチーブンス,スチーブンズ,スティーブン,スティブンス,ステファン,ステファンス,ステファンズ,ステフェン"
PAYNE,"ペイン,ペーン"
PIERCE,"ピエルス,ピアース,ピアス,ピーアス,ピアーズ"
BERRY,"ベリ,ベリー,ベイリー,ベーリー,ベリィ,ベルリ"
MATTHEWS,"マシューズ,マシュウズ,マシュース,マチウス,マチュウス,マチュウズ,マチューズ,マッシュース,マッシューズ,マテウス"
ARNOLD,"アーノルト,アルノルト,アルノルド,アーノルド,アアノルド,アーノウルド,アーノル,アーノールド,アノルド,アルノード,アルノール,アルノル"
WAGNER,"ヴァグナー,ヴァグネル,ヴァーグナー,ワグネル,ワーグナー,ワグナー,ヴァークナー,ヴァクナー,ウァグナア,ヴァーゲナー,ヴェークナー,バーグナー,ワァグナア,ワーグナア,ワグネ,ワグネー,ワーグネル,ワクネル"
WILLIS,"ウイリス,ウィリス,ウィルス,ビリス"
RAY,"ライ,レー,レイ,ラーイ,ラエ,ロイ"
WATKINS,"ウォトキンズ,ワトキンス,ワトキンズ"
OLSON,"オルスン,オルソン,オウルサン,オールソン"
CARROLL,"キャロル,カアロル,カロル,キャアラル"
DUNCAN,"ダンカン,ダンガン,デゥカン,デュンカン"
SNYDER,"スナイダー,シュナイダー,スナイダア"
HART,"ハルト,ハート,ハァト"
CUNNINGHAM,"カニンハム,カニンガム,カニングハム,カンニンガム,カンニングハム,コニングハム"
BRADLEY,"ブラッドリィ,ブラッドレイ,ブラドリー,ブラッドリ,ブラッドレー,ブラッドリー,ブラッド,ブラドレー,ブラドレイ"
LANE,"レイン,レーン,ラーヌ,ラーネ"
ANDREWS,"アンドリューズ,アンドルース,アンドリュース,アンドルーズ,アンドリウス,アンドリュー,アンドルー,アンドレウス"
RUIZ,"ルイズ,ルイス,ルイース,ルイーズ"
HARPER,"ハーパー,ハープル"
FOX,"フォクス,フォックス,ファックス,フックス,ホックス"
RILEY,"ライリ,ライリー,ライリィ,リライ"
ARMSTRONG,"アームストロング,アアムストロング"
CARPENTER,"カーペンター,カアペンタ,カアペンター,カァペンタァ"
WEAVER,"ウィーヴァー,ウィーバー,ヴィーヴァー,ウィバー,ウェーバー"
GREENE,"グリーン,グリイン"
LAWRENCE,"ロランス,ローレンス,ロレンス,ロウレンス,ロオランス,ロオレンス,ローランス"
ELLIOTT,エリオット
CHAVEZ,"チャベス,シャベツ,チャヴェス,チャペス"
SIMS,"シムス,シムズ"
AUSTIN,"オースチン,オースティン,アウスティン,オウスチン,オウステイン,オウステン"
PETERS,"ペーテルス,ピータース,ピーターズ,ペータース,ピータズ,ペテルス"
KELLEY,"ケリー,ケリ,ケリイ"
FRANKLIN,"フランクリン,フランクラン"
LAWSON,"ローソン,ロウスン,ロウソン,ロースン"
FIELDS,"フィールズ,フィールド"
GUTIERREZ,"グティエレス,ギタレス,ギュティエレズ,グチエレス,グーティエレズ,グティエーレス"
RYAN,"ライアン,ハイアン,リャン"
SCHMIDT,"シュミット,シュミツ,シユミット,シュミード,スミット,スュミット"
CARR,"カー,カア,カール,カル"
VASQUEZ,"バスケス,ヴァスケス"
CASTILLO,"カスティージョ,カスティーリョ,カスティリョ,カスティロ,カスティーヨ,カスティジョ,カスティーロ,カステロ"
WHEELER,"ウィラー,ホィーラー,ホイラー,ウィーラー,ホイーラー,ウィーラ,フィーラー,ホィラー,ホイーラ,ホウィーラー"
CHAPMAN,"チャップマン,チャプマン,シャップマン"
OLIVER,"オリヴァー,オリバー,オリヴァ,オリヴァル,オリヴィエ,オリヴェ,オリヴェル,オリーバー,オリバ,オリバア,オリビエ,オリベル"
MONTGOMERY,"モントゴメリ,モンゴメリ,モントゴメリー,モンゴメリー,マンガメリー,マントゴメリ,モンゴメリィ,モントゴメリイ,モントゴメルー"
RICHARDS,"リチャード,リチャーズ,リチャース"
WILLIAMSON,"ウィリアムスン,ウイリアムソン,ウィリアムソン,ウィルリャムソン"
JOHNSTON,"ジョンストン,ジョンストウン"
BANKS,バンクス
MEYER,"メイエ,メイエール,メイエル,メイヤー,マイアー,マイヤー,マイァー,マイイア,マイエル,マイヤァ,マイル,メーアー,メイアー,メイエー,メイェール,メイヤ,メーヤー"
BISHOP,"ビショップ,ビーショップ,ビジョップ,ビショプ"
MCCOY,マッコイ
HOWELL,"ハウエル,オーエル,ハウウェル,ハウェル,ホーウェル,ホウエル"
ALVAREZ,"アルヴァレス,アルヴァレズ,アルバレズ,アルバレス,アルバレ,アルバレツ"
MORRISON,"モリスン,モリソン,モウリソン"
HANSEN,"ハンゼン,ハンセン,ハンソン"
FERNANDEZ,"フェルナンデス,フェルアンデズ,フェルナンデズ"
GARZA,"ガーザ,ガルサ,ガルツァ"
HARVEY,"ハーヴェー,ハーベー,ハーヴィ,ハーヴィー,ハーヴェイ,ハービー,ハーベイ,アルビー,ハアヴェー,ハァヴェイ,ハヴエイ,ハービィ,ヘーベイ"
LITTLE,"リトル,リットル"
BURTON,"バルトン,バートン,バァートン,ブルトン"
STANLEY,"スタン,スタンリ,スタンリイ,スタンレイ,スタンリー,スタンレー,シタンリー,スタンレ"
NGUYEN,"グェン,グエン,グュエン,グレン,ニェン"
GEORGE,"ジョルジェ,ゲオルギー,ゲオルク,ゲオルグ,ゲオルゲ,ジョージ,ジョルジュ,ゲオー,ゲオールギー,ゲオルギウス,ゲオルギオス,ゲオルゲー,ジェオルジ,ジェラード,ジェルジ,ジォージ,ジォルジ,ジョウジ,ジョォジ,ジョオジ,ショージ,ジョーシ,ジョージー,ジョージェ,ジョールジ,ジョルジ,ヨルゴス"
JACOBS,"ジャコブス,ヤコブス,ヤコプス,ジェイコブス,ジェイコブズ,ジェーコブズ,ヤーコプス,ジェイコッブス,ジェイコブ,ジェーコブス,ジェコブス,ジャコブ,ジャコブズ,ヤコブ,ヤコブズ"
REID,"レイド,リード,ライト,ライド"
KIM,キム
FULLER,"フラー,ファーラー,ファラー,フューラー,フーラー,フルラー"
LYNCH,リンチ
DEAN,"ディーン,ダン,ディン,デーン,トゥアヌ"
GILBERT,"ギルベール,ギルベルト,ギルバート,ジルベール,ギルバァト,ギルバード,ギルバト,ギルベルトゥス,ジルベル,ジルベルト"
GARRETT,"ガレット,ギャレット,ガーレット,ガレート,ガレト,ギャルット"
ROMERO,"ロメーロ,ロメロ"
WELCH,"ウェルシュ,ウェルチ,ウェルシ"
LARSON,"ラーソン,ラースン,ラルソン"
FRAZIER,"フレイジャー,フレーザー,フレージャー,フレイザー,フレイジァ,フレイジアー,フレージア,フレジャー"
BURKE,"バーク,バーグ,バック,ブルケ,ボルク"
HANSON,"ハンスン,ハンソン,ハンセン,ヘンソン"
DAY,"デー,ディ,デイ"
MENDOZA,"メンドーサ,メンドサ,メンドーザ"
MORENO,"モレーノ,モレノ"
BOWMAN,"ボウマン,ボーマン,バウマン"
MEDINA,"メディナ,メディーナ"
FOWLER,"ファウラー,フォーラー,フオラー"
BREWER,"ブリューワー,ブリュワー,ブルワー,ブルーワー,ブリューア,ブリューアー,ブリュア,ブリューワ,ブルーア,ブルーアー,ブルーワ,ブレーワー"
HOFFMAN,"ホフマン,ホッフマン"
CARLSON,"カールスン,カールソン"
SILVA,"シウバ,シルヴァ,シルバ,シルハ,シルワ"
PEARSON,"ピアスン,ピアーソン,ピアソン,ピアースン,ペアーソン,ペアソン"
HOLLAND,"ホラント,ホーランド,ホランド"
DOUGLAS,"ダクラス,ダグラス,ダウグラス,ダッグ,ドゥグラス,ドウグラス,ドゥフラス,ドオウグラス,ドーグラス,ドグラス,ドーグラッス"
FLEMING,"フレーミング,フレミング,フリーマン,フレミン"
JENSEN,"ジャンセン,ジェンセン,イェンセン,イェンゼン,イエンセン,イエンゼン,エンセン"
VARGAS,"ヴァルガス,バルガス,ヴァーガス"
BYRD,バード
DAVIDSON,"デイヴィッドスン,ディヴィッドソン,デイヴィドソン,デイビッドソン,デヴィッドスン,デヴィッドソン,デーヴィドソン,デイヴィッドソン,デービッドソン,デビッドソン,ダヴィッドソン,ダーヴィドソン,ダヴィドソン,ダビソン,ダビッドソン,ダービドソン,ダビドソン,デイヴィッスン,ディヴィッドスン,ディヴィドスン,デイヴィドスン,ディヴィドソン,デイビットソン,ディビドソン,デヴィドスン,デヴィドソン,デビッドスン,テビッドソン,デビットソン,デービドソン,デビドソン"
HOPKINS,"ホプキンス,ホプキンズ,ホップキンス,ホブキンズ"
MAY,"マイ,メイ,メー,メーイ,メエイ"
TERRY,"テリ,テリー,テリィ"
HERRERA,"エレーラ,ヘレーラ,エレラ,ハーレラ,ヘレラ"
WADE,"ウエイド,ワッド,ウェイド,ウェード,ウェィド,ヴェイド,ベイド,ワデ,ワード"
SOTO,"ソート,ソト,ソトー"
WALTERS,"ウォーターズ,ウォルターズ,ウォートルス,ウォルター,ワルター,ワルタース"
CURTIS,"カーチス,カーティス,キュルチス,キュルティス,クルティス,コルチス"
NEAL,ニール
CALDWELL,"コルドウェル,コールドウェル,カルドウェル"
LOWE,"ロー,ロウ,レーヴェ,ローウ,ローウェ,ローエ"
JENNINGS,"ジェニング,ジェニングス,ジェニングズ,ジェンニングス,ジュニングス"
BARNETT,"バーネット,バネット"
GRAVES,"グレイヴス,グレイヴズ,グレーヴス,グレーヴズ,グレーブス,グレーブズ,グレィヴズ,グレイブス,グレイブズ,グレーウス"
JIMENEZ,"ヒメネス,ジメネッツ"
HORTON,"ホートン,ホルトン"
SHELTON,シェルトン
BARRETT,"バーレット,バレット,バッレット,ブレット"
OBRIEN,
CASTRO,カストロ
SUTTON,"サットン,サトン,スットン"
GREGORY,"グレゴリ,グレゴリイ,グレゴリー,グリゴリー,グリゴーリイ,グレーゴリー,グレコリー,フリホリー,フリホリイ"
MCKINNEY,"マッキニー,マキニー,マッキンニー,マッキンネィ"
LUCAS,"ルカス,ルーカス,リュカ,リューカス,リュカス,ルック"
MILES,"マイルス,マイルズ,ミルズ"
CRAIG,"クレッグ,クレーグ,クレイグ,クライグ,クレイ,グレイグ,クレイッグ"
RODRIQUEZ,
CHAMBERS,"チャンバース,チェインバーズ,チェンバース,チェンバーズ,チェイムバーズ,チェインバース,チェムブル,チェムブルス,チェーンバーズ,チャムバー,チャムバース,チャムブル,チャンバー,チャンバーズ,チャンブル,チュンバーズ"
HOLT,"ホゥルト,ホールト,ホルト,オルト,ホウルト,ホルトー"
LAMBERT,"ランベルト,ランベール,ランバート,ラムバアト,ラムバート,ラムベルト,ランバード,ランベルトゥス"
FLETCHER,"フレッチャー,フレチャー,フレッチア,フレッチェル,フレッチャ,フレッチャア"
WATTS,"ウォッツ,ワッツ,ウオッツ"
BATES,"ベイツ,ベーツ"
HALE,"ヘイル,ヘール,アール,エール"
RHODES,"ローデス,ロード,ロードス,ローズ,ロウズ"
PENA,"ペーニャ,ペナ,ペーナ,ペニャ"
BECK,ベック
NEWMAN,"ニューマン,ニュウマン"
HAYNES,"ヘインズ,ハイネス,ハインズ,ヘイネス,ヘインス,ヘーンズ"
MCDANIEL,"マクダニエル,マグダニエル,マックダニエル"
MENDEZ,メンデス
BUSH,ブッシュ
VAUGHN,"ヴォーン,ボーン,バーン"
PARKS,パークス
DAWSON,"ドースン,ドーソン,ダウスン,ダウソン,ドウスン,ドウソン"
SANTIAGO,"サンチアゴ,サンチャゴ,サンティアーゴ,サンティアゴ,サンチァゴ,サンチェゴ,サンティヤゴ"
NORRIS,"ノーリス,ノリス"
HARDY,"ハーデイ,アルディ,ハーディー,ハーディ,ハアデ,ハアデー,ハァデイ,ハアーデイ,ハアーディイ,ハアディイ,ハーデー,ハルディ"
LOVE,"ラヴ,ラブ,ルーヴェ,ローヴェ"
STEELE,"スティール,スチール"
CURRY,"カリー,カーリー,カリイ,キューリ,クリ"
POWERS,"パワーズ,パウアズ,パワース"
SCHULTZ,シュルツ
BARKER,"バーカー,バーカ,バーガー,ベーカー"
GUZMAN,"グズマン,グスマン,ガズマン,グーズマン,グスマーン,グッズマン"
PAGE,"パージュ,ペイジ,ページ"
MUNOZ,"ムニョス,ムーニョ"
BALL,"バル,ボール,ベイル"
KELLER,"ケラー,ケーラー,ケルラー,ケールレル,ケルレル"
CHANDLER,"チヤンドラー,チャンドラー,チャンドラ"
WEBER,"ウィーバー,ヴェーベル,ウェバー,ウェーバー,ヴェーバー,ウェッバー,ウェーバ,ウエーバー,ウェバア,ヴェーバァ,ウェーベル,ウェベール,ヴェベール,ベーバー,ベベール"
LEONARD,"レオナード,レオナルド,レナード,リナード,レオナール,レーオナルド,レオナルト,レーオンハルト,レオンハルト,レオンハルド,レーナード"
WALSH,"ウォールシュ,ウォルシュ,ヴァルシュ,ウェルシュ,ウォッシュ,ウォルシェ,ウオルシュ,ウォルス,ウォルッシュ,ワルシュ"
LYONS,"リオン,リオンズ,ライアンズ,ライオンズ,ライオンス,リヨン"
RAMSEY,"ラムジー,ラムゼイ,ラムゼー,ラムジ,ラムジイ,ラムズィ,ラムセイ"
WOLFE,"ウォルフ,ウルフ,ウォルフェ"
SCHNEIDER,"シュネーデル,シュネデール,シュナイダー,シナイダー,シナイデル,シュナイデル,シュネイダー,シュネイデル,シュネデル"
MULLINS,"マリンズ,ムリンズ"
BENSON,"ベンスン,ベンソン"
SHARP,シャープ
BOWEN,"バウエン,ボーウェン,ボウエン,ボーエン,ボウイン,ボゥエン,ボウェン"
DANIEL,"ダーニエール,ダニエル,ダイエル,ダニアル,ダーニエル,ダニェル,ダニエール,ダニール"
BARBER,"バルベル,バーバー,バーバ,バーパー"
CUMMINGS,"カミングス,カミングズ"
HINES,ハインズ
BALDWIN,"ボールドウィン,バルドウィン,ボードゥアン,ボードワン,ボールドウイン,ボルドウィン"
GRIFFITH,"グリフィス,グリフス"
VALDEZ,"ヴァルデス,バルデス"
HUBBARD,"ハッバード,ハバード,ハッバッド,ハッバート,ハーバード,ハバート,ヒュッバード"
SALAZAR,"サラザー,サラサル,サラザル,サラサール,サラザール"
REEVES,"リーヴス,リーヴズ,リーブス,リーブズ,リーベス"
WARNER,"ウォーナー,ワーナー,ヴァーネル,ウォーナ,ウォナー,ウォーナァ,ワアナア"
STEVENSON,"スティヴンソン,スティーブンスン,スチーブンソン,スティーヴンスン,スティーヴンソン,スティーブンソン,スチィーヴンスン,スチィーヴンソン,スチィヴンソン,スチイブンスン,スチヴンスン,スチーヴンソン,スチヴンソン,スチーブンスン,スチブンスン,スチブンソン,ステイイヴンスン,スティーヴンス,スティヴンスン,スティウンソン,スティブンスン,スティブンソン,ステヴンソン,ステーブンソン"
BURGESS,"バージェス,バーグス,バージェズ,バージェンス,バージス,バーゼス,バルゲス,バルジェス,バルジェッス,ブルゲス"
SANTOS,"サントス,サンディ,サンディー"
TATE,"テイト,テート,タート"
CROSS,"クロッス,クロス"
GARNER,ガーナー
MANN,"マン,メン"
MACK,"マック,マーク"
MOSS,モス
THORNTON,"ソーントン,ソートン,ソントン"
DENNIS,"デニス,デーネシュ,デンニス"
MCGEE,"マギー,マッギー,マクギー,マックギー"
FARMER,"ファーマー,ファルメール"
DELGADO,"デルガード,デルガド"
AGUILAR,"アギラル,アギラール,アギュラー,アギラ,アグィラー"
VEGA,"ヴェーガ,ヴェガ,ベーガ,ベガ,ベーガー"
GLOVER,"グラヴァー,グラバー,グローヴァー,グローバー,クローヴァー,グローバ,グロバー"
MANNING,"マニング,マーニング,マンニング"
COHEN,"コーアン,コエン,コヘン,コーエン,コーヘン,コアン,コーウェン,コーハン,コーン"
HARMON,ハーモン
RODGERS,"ロジャース,ロジャーズ"
ROBBINS,"ロビンス,ロビンズ"
NEWTON,"ニュートン,ニウトン"
TODD,"タッド,トッド"
BLAIR,"ブレアー,ブレア,ブライアー,ブレィア,ブレイアー,ブレヤー"
HIGGINS,"ヒギンス,ヒギンズ,ヒッギンス,ヒッジンス"
INGRAM,イングラム
REESE,"リース,リーズ,レーゼ"
CANNON,"キャノン,カノン"
STRICKLAND,"ストリックランド,ストリクランド"
TOWNSEND,"タウンセンド,タウンゼント,タウンゼンド,タウンセント"
POTTER,"ポター,ポッター,ポーター,ポッテル"
GOODWIN,"グッドウィン,グッドイン,グッドマン,グードウィン,ゴドウィン"
WALTON,"ウォールトン,ウォルトン,ワルトン"
ROWE,"ロー,ローウェ,ロウ,ロウェ,ローベ"
HAMPTON,ハンプトン
ORTEGA,"オルテーガ,オルテガ"
PATTON,パットン
SWANSON,"スワンソン,スワンスン"
JOSEPH,"ジェゼフ,ヨシフ,ジョウゼフ,ジョーゼフ,ジョセフ,ジョゼフ,ヨーゼフ,ヨセフ,ヨゼフ,ジセッフ,ジャセフ,ジュセッペ,ジュゼッペ,ジョウジフ,ジョウセフ,ジョシップ,ジョージフ,ジョズフ,ジョゼ,ジョーセフ,ジョセーフ,ホセ,ホセー,ヨーセーフ,ヨーセフ"
FRANCIS,"フランク,フランシス,フラーンシス,フランシズ,フランシスクス,フランス,フランスィス,フランセス"
GOODMAN,"グッドマン,グットマン,グドマン"
MALDONADO,マルドナド
YATES,"イエイツ,イエーツ,イェイツ,イェーツ,イェーイツ,イエツ,イェッツ,エイツ"
BECKER,"ベッケル,ベッカー,ベッケール"
ERICKSON,"エリクソン,エリクスン,エリックソン"
HODGES,"ホッジズ,ホッジス,ハジス,ハジズ,ホジス,ホジズ,ホッジ,ホッジェス,ホッジース"
RIOS,リオス
CONNER,"コナー,カナー,コンナー"
ADKINS,"アドキンズ,アドキンス"
WEBSTER,"ウエブスター,ウェブスター,ウェッブスター,ウェーブスター,ウェブスタア,ウェブスタール,ウェブストル"
NORMAN,"ノルマン,ノーマン,ノーム"
MALONE,"マローン,マーロン,マロン"
HAMMOND,"ハモンド,ハマンド,ハムモンド"
FLOWERS,フラワーズ
COBB,"カップ,カッブ,コブ,コッブ,カーブ,カブ,コップ"
MOODY,"ムーディー,ムーディ,ムッディー,ムーデー"
QUINN,"クィン,クイン,クイーン,クゥイン"
BLAKE,"ブレイク,ブレーク,ブラケ,ブレィク"
MAXWELL,"マクスウエル,マクスウェル,マックスウェル"
POPE,"ポウプ,ポープ"
FLOYD,フロイド
OSBORNE,"オスボーン,オズボーン,オズバーン,オズボン"
PAUL,"ポウル,ポオル,ポル,パウロ,パウル,ポール,パーウェル,パーヴェル,パウェル,パヴェル,パゥル,パウルス,パウロス,パール,ペザー,ポォル,ポーリ,ポーロ"
MCCARTHY,"マカーシー,マッカシー,マッカーシイ,マッカーシー,マッカアシー,マッカースィ,マッカーチー,マッカルシー"
GUERRERO,"ゲレーロ,ゲレロ,グェレロ,ゲッレロ,ゲルレーロ"
LINDSEY,"リンゼー,リンゼイ,リンジー,リンジ,リンジイ,リンゼィ,リンドセー"
ESTRADA,"エストラダ,エストラーダ"
SANDOVAL,"サンドバル,サンドバール"
GIBBS,"ギッブス,ギブズ,ギブス,ギッブズ,ギップス"
TYLER,"タイラー,タイラァ,テイラー"
GROSS,"グロース,グロス,クロッス,グロッス"
FITZGERALD,フィッツジェラルド
STOKES,"ストークス,ストウクス,ストーク"
DOYLE,ドイル
SHERMAN,"シャーマン,シェルマン,シャルマン"
SAUNDERS,"サウンダース,サンダース,サンダーズ,ソウンダース,ソーンダーズ,ソーンダース,ソーンダズ,ソンダース,サウンダアス,サウンダーズ,サーンダーズ,ソンダーズ"
WISE,ワイズ
COLON,"コロン,コローン"
GILL,"ジル,ギル,イル"
ALVARADO,"アルヴァラード,アルバラド,アルバラード"
GREER,"グリア,グリーア,グリアー,グレア"
PADILLA,"パディラ,パディリア,パディリャ,パディーリャ,パディージャ,パディーヤ"
SIMON,"シーメン,ジモン,シーモン,サイモン,シモン,ジーモン,シモーネ,シモーン,シュイモン,ズィモン,スウィモン"
WATERS,"ウォーターズ,ウォーター,ウォータース"
NUNEZ,"ヌーニェス,ヌニェーズ,ヌニェス,ヌーネス,ヌーンイエス"
BALLARD,"バラード,バラール"
SCHWARTZ,"シュヴァルツ,シュウォーツ,シュワルツ,シヴァルツ,シュウァルツ,シューウォーツ,シュウォルツ,シュオルツ,シュバルツ,シュワァルツ,シュワーツ,シュワールツ"
MCBRIDE,"マックブライド,マクブライド,マクブライト,マクブリド"
HOUSTON,"ハウストン,ヒューストン,フーストン"
CHRISTENSEN,"クリステンセン,クリサンセン,クリスチャンセン,クリステンスン,クリステンゼン,クレスチャンスン"
KLEIN,"クラン,クレイン,クライン,クライーン"
PRATT,プラット
BRIGGS,"ブリッグス,ブリッグズ,ブリグス,ブリグズ"
PARSONS,"パースンズ,パーソンズ,パーソンス,パルソン,パルソンス"
MCLAUGHLIN,"マクラフリン,マクローリン,マクロクリン,マックラーフリン,マックローリン"
ZIMMERMAN,"ツィマーマン,ツィンマーマン,ジマーマン,ジンマーマン,ジンメルマン,ズィンマーマン,チマーマン,チンメルマン,ツィメルマン,ツィンママン"
FRENCH,フレンチ
BUCHANAN,"ブキャナン,ビュカナン,ビュキャナン,ブカナン"
MORAN,"モーラン,モラン,モラーン"
COPELAND,"コープランド,コップランド"
ROY,"ロア,ロイ,ロワ,ローイ"
PITTMAN,ピットマン
BRADY,"ブレーディ,ブラディ,ブレイディ,ブラディー,ブレイディー,ブレーディー,ブレディ"
MCCORMICK,"マッコーミック,マコーミック,マコーミク"
HOLLOWAY,"ハロウェイ,ホロウェー,ホロウェイ,ハローウェー,ホローウェイ,ホロウエイ"
BROCK,ブロック
POOLE,"ポール,プール"
FRANK,"フランク,フラーンク,フランクフジン"
LOGAN,"ローガン,ローカン,ロガン"
OWEN,"オゥエン,オウエン,オーウェン,オーエン,オウェン"
BASS,"バース,バス,ベイス,ベース,ボス"
MARSH,"マーシュ,マーシ,マルシュ"
DRAKE,"ドレイク,ドレーク,ドラーケ"
WONG,"ワン,ウォン,ウォング"
JEFFERSON,"ジェファソン,ジェファーソン,ジェファスン,ジェファルソン,ジェフェルソン,ゼフアーソン"
PARK,"パク,パーク"
MORTON,"モートン,モルトン"
ABBOTT,アボット
SPARKS,スパークス
PATRICK,"パトリク,パトリック"
NORTON,"ノートン,ノールトン,ノルトン"
HUFF,"ハッフ,ハフ"
CLAYTON,"クレイトン,クレートン"
MASSEY,"マシー,マッセイ,マッシー,マーシー,マセイ,マッシィ,マッセー"
LLOYD,"ロイド,ロイ,ローイド"
FIGUEROA,"フィゲロア,フィゲロウア"
CARSON,"カースン,カーソン,カアスン,カールソン,カルソン"
BOWERS,"バウアーズ,バワーズ,バウワース,バウワーズ,バワース,ボウアーズ,ボワーズ"
ROBERSON,"ロバーソン,ロバースン"
BARTON,"バートン,バアトン"
TRAN,"トラン,チャン"
LAMB,"ラム,ラーム"
HARRINGTON,"ハリントン,ハリングトン,ハーリントン"
CASEY,"ケイシー,ケーシー,カセー,キャシー,キャシイ,キャセイ,ケーシ,ケージ,ケージー,ケジ,ケジー,ケーシイ"
BOONE,ブーン
CORTEZ,"コルテス,コーティズ,コーテス"
CLARKE,"クラーク,クラルク"
MATHIS,"マティス,マシス,マスィス,マーティ,マティース,メイシス"
SINGLETON,シングルトン
WILKINS,"ウィルキンス,ウィルキンズ,ウイルキンズ"
CAIN,"カイン,ケイン,カン,ケーン"
BRYAN,"ブライアン,ブライヤン,ブリアン"
UNDERWOOD,"アンダーウッド,アンダウッド"
HOGAN,"ホーガン,ホウガン,ホーゲン"
MCKENZIE,"マッケンジー,マケンジー"
COLLIER,"コリア,コリアー,コーリア,コリエ,コリヤー,コルリール"
LUNA,"ルナ,ルーナ"
PHELPS,フェルプス
MCGUIRE,"マグァイア,マクガイアー,マグワイア,マクガイア,マガイアー,マグアイア,マクガイヤ,マクガイヤー,マッガイア,マックガイア"
ALLISON,"アリスン,アリソン"
BRIDGES,"ブリッジェズ,ブリジェズ,ブリッジス,ブリッジズ,ブリジェス,ブリジス,ブリッジ,ブリッジェス"
WILKERSON,"ウィルカースン,ウィルカーソン"
NASH,"ナシュカ,ナッシュ,ナッシユ"
SUMMERS,"サマーズ,サマー,サンマース"
ATKINS,"アトキンズ,アトキンス"
WILCOX,"ウィルコックス,ウィルコクス,ウイルコックス"
PITTS,ピッツ
CONLEY,"コンリー,コンレー"
MARQUEZ,マルケス
BURNETT,"バーネット,ヴァーネット,バァネット,バネット"
RICHARD,"リカルト,リシャー,リチャルド,リッカルド,リャード,リヒァルト,リヒアルト,リシャール,リチャード,リヒャルト,リカード,リカルド,リカルドゥス,リシャル,リシャールド,リシュアード,リチァード,リチァド,リチアルド,リチャアド,リチャート,リチャド,リッカード,リハルト,リハルド,リヒアルド,リヒハルト,リヒャード,リーヒャルト,リーヒャルド,リヒャルド,リャチード"
COCHRAN,"カックラン,コクラン,カクラン"
CHASE,"チェーズ,チェイス,チェース"
DAVENPORT,"ダヴェンポート,ダベンポート,ダヴァンポート,ダーヴェンポート,ダヴンポート,ダブンポート,ダャヴァンポート,デイベンポート"
HOOD,"フード,フッド"
GATES,"ゲイツ,ゲーツ,ゲイズ"
CLAY,"クレー,クレイ"
AYALA,"アヤーラ,アヤラ,アジャーラ"
SAWYER,"ソーヤ,ソウヤー,ソーヤー,ソイヤー"
ROMAN,"ローマン,ロマーン,ロマン,ルーマン,ロウマン"
VAZQUEZ,"バスケス,ヴァスケス,バズケズ"
DICKERSON,"ディカーソン,デカルソン,ディッカーソン"
HODGE,ホッジ
ACOSTA,"アコスタ,アスコタ"
FLYNN,フリン
ESPINOZA,"エスピノーザ,エスピノサ,エスピノザ"
NICHOLSON,"ニコルスン,ニコルソン,ニーコルソン"
MONROE,"モンロー,モンロウ"
WOLF,"ウォルフ,ヴォルフ,ウルフ,ボルフ"
MORROW,"モロウ,モロー,マロー,マロウ"
KIRK,"カーク,キアク,キルク"
RANDALL,"ランドル,ランダル,ランドール,ランダール"
ANTHONY,"アンソニイ,アントニイ,アンソニー,アントニー,アンソニ,アンソニィ,アントニ"
WHITAKER,"ウィタカー,ウィテカー,ウィティカー,ウィタカ,ウィタケル,ウィッテイカー,ウィッテカー,ウィッテッカー,ウィットエイカー,ウィテイカー,ウィテーカー,ホイッタカー,ホイティカー,ホイテカー,ホウィッティカー,ホウィティカー"
OCONNOR,
SKINNER,"スキナー,スギナー,スキンナー"
WARE,"ウェア,ウェアー,ワレ"
MOLINA,"モリーナ,モリナ"
KIRBY,"カービィ,カービー,カービ,キルビー"
HUFFMAN,ハフマン
BRADFORD,"ブラッドフォード,ブラホード"
CHARLES,"カール,カルロ,カルロス,シャール,チャーリー,シャルル,チャールス,チャールズ,カルル,カルレス,カレル,シァルル,シャアル,シャル,シャールズ,ジャルル,シャルレ,シャーレス,シャーレル,チァアルズ,チアールズ,チアルス,チァーレス,チアレス,チェールズ,チオールス,チャアルス,チャアルズ,チャアレス,チャリース,チャルス,チャルズ,チャーレ,チャーレス,チャレース"
GILMORE,ギルモア
DOMINGUEZ,"ドミンゲス,ドミンガス"
ONEAL,
BRUCE,"ブルース,ブライス,ブリュース,ブリュス,ブルーズ,ブルス,ブルュース"
LANG,"ラン,ランク,ラング,ラングー"
COMBS,"クームズ,コウムズ,コームズ,コムズ"
KRAMER,"クラーマー,クラマー,クレイマー,クレーマー,クラアマー,クライマー,クレーマ,クレマー"
HEATH,"ヒース,ハース"
HANCOCK,"ハンコック,ハンコク"
GALLAGHER,"ギャラハー,ギャラファー,ギャラガー,ガラガー,ガラッガー,ガラハー"
GAINES,"ゲーンズ,ゲインズ,ゲイン"
SHAFFER,"シェファー,シェーファー,シェイファ,シェイファー,シャッファー,シャファー"
SHORT,ショート
WIGGINS,"ウィギンス,ウィギンズ,ウィッギンス"
MATHEWS,"マシューズ,マシウース,マシウス,マシュウス,マシュウズ,マシュース,マスユース,マッシウズ,マッシューズ"
MCCLAIN,"マクレイン,マクレーン"
FISCHER,"フィッシャー,フィシェール,フィシェル,フィシャ,フィシャー,フィッシァー,フィッシェル,フイッシャー,フィッシャア,フィッシャアー,フィッシュー"
WALL,"オール,ウォール,ヴァール,ヴァル,ウォル"
SMALL,スモール
MELTON,メルトン
HENSLEY,"ヘンスリー,ヘンズリー,ヘンズリ,ヘンスレー,ヘンスレイ,ヘンズレイ"
BOND,ボンド
DYER,"ダイアー,ダイヤー,ダイエル,ディヤー"
CAMERON,"カメロン,キャメロン,カメロ,キャムロン"
GRIMES,"グライムス,グライムズ,グリムス,グリムズ"
CONTRERAS,"コントレラス,コントレイラース,コントレーラス"
CHRISTIAN,"クリスチァン,クリスティアーン,クリスチアン,クリスチャン,クリスティアン,クリスチァーン,クリスティーン,クリスティン,クリストリッヒ,クリティアン,クレスチャン,フリスチアン"
WYATT,"ワイヤット,ワイアット,ウァイアット,ワイット"
BAXTER,"バクスター,バキステル,バキストル,バックスター"
SNOW,"スノウ,スノー"
MOSLEY,"モズリイ,モズレー,モズリー,モーズリ,モーズリー,モズリィ,モスレイ"
SHEPHERD,"シェパード,シェッハード,シェパアド,シェファード,シュパード,セッハルト,セッパルト"
LARSEN,"ラルセン,ラーセン,ラーシェン,ラースン,ラールセン,ラルゼン"
HOOVER,"フーヴァー,フーバー"
BEASLEY,"ビーズリー,ビアスレイ,ビースリー,ビースレイ"
GLENN,"グレン,グレイン"
PETERSEN,"ピーターセン,ペテルセン,ペーテルセン,ペーターセン,ペーターゼン,ピータースン,ペェタァゼン,ペータゼン,ペターセン,ペターゼン,ペダーセン,ペーテルゼン"
WHITEHEAD,ホワイトヘッド
MEYERS,"マイアーズ,メイヤーズ,マイヤース,マイヤーズ,メイアーズ"
KEITH,"ケイス,キース,カイス,キート,ケイト,ケート"
GARRISON,"ガリソン,ギャリソン,ギャソン,ギャリスン"
VINCENT,"フィンセント,バンサン,ヴァンサン,ヴィンセント,ビンセント,ヴィセント,ウィンケンティウス,ヴィンケンティウス,ヴィンセンティウス,ヴィンチェンティウス,ヴィンツェント"
SHIELDS,"シールズ,シールド"
HORN,"ホルン,ホーン,フールン,ホールン"
SAVAGE,"サヴィジ,サヴィッジ,サヴェージ,サヴェジ,サヴェッジ,サベッジ,サベージ,サヴェイジ,ザービジ,サベジ"
OLSEN,"オールセン,オルセン,オルゼン,オルソン"
SCHROEDER,"シュルーダー,シュレーダー,シュローダー,シュレイダー,シュレーダ,シュレーデル,シュロイデル,シュロウダー,シュロェーデル,シュロエデル,シレーダー,シロイテル,スクロウダー"
HARTMAN,"ハートマン,ハルトマン"
WOODARD,"ウッダード,ウダード"
MUELLER,"ミラー,ミューラー,ミュラー,ムレル"
KEMP,"ケンプ,ケムプ"
DELEON,デレオン
BOOTH,"ブーズ,ブース,ボース,ボーズ"
PATEL,"パテル,パーテル,パテール"
CALHOUN,"カルホーン,カルフーン,カルフォーン,カルフン,カルホウン,キャルホーン"
WILEY,"ワイリー,ウィリ,ウィリー,ウイリー,ワイレー"
EATON,イートン
CLINE,クライン
NAVARRO,"ナヴァロ,ナバロ,ナヴァッロ,ナヴァルロ,ナヴァーロ,ナヴァロー,ナバッロ,ナバーロ"
HARRELL,"ハーレル,ハレル"
LESTER,"レスター,レスタ,レスタル"
HUMPHREY,"ハムフェリー,ハンフリー,ハムフリイ,ハムフレイ,ハンフリ,ハンフレー,ホンフレー"
PARRISH,"パリッシュ,パリシュ"
DURAN,"デュラン,デューラン,ドゥラーン,ドゥラン"
HUTCHINSON,"ハチンソン,ハッチンソン,ハッチスン,ハッチンス,ハッチンスン"
HESS,"エス,ヘス,ヘッス"
DORSEY,"ドーセイ,ドルシー,ドーシー,ドーシ,ドージー,ドーシィ"
BULLOCK,"バロック,ブロック,ブラク"
ROBLES,ロブレス
BEARD,"ビーアド,ビアド,ビアード,ビーァド,ビアート,ビャード,ベアード"
DALTON,"ダルトン,ドールトン,ドルトン,ダールトン"
AVILA,"アビラ,アヴィーラ"
VANCE,"ヴァンス,バンス,ヴァス"
RICH,"リッチ,リーシュ,リーチ,リック,リッシュ,リヒ"
BLACKWELL,ブラックウェル
YORK,ヨーク
JOHNS,"ジョンズ,ジョーンズ,ジョンス"
BLANKENSHIP,ブランケンシップ
TREVINO,"トレビノ,トレヴィノ"
SALINAS,"サリーナス,サリナス"
CAMPOS,"カンポス,カムポス"
PRUITT,"プルーイット,プルート,プリュイット,プルイット"
MOSES,"モーセ,モーゼ,モーセス,モーゼズ,モーゼス,モウゼズ,モーシェ,モージス,モーズィズ,モーゼシュ,モーセズ"
CALLAHAN,"カラハン,キャラハン"
GOLDEN,"ゴールデン,ゴールドン"
MONTOYA,"モントーヤ,モントヤ,モントージャ"
HARDIN,ハーディン
GUERRA,"ゲーラ,ゲラ,グェッラ,グエッラ,グエーラ,グェルラ,ゲッラ"
MCDOWELL,"マクダウェル,マクダウエル,マクドウェル,マクドゥウェル,マクドウエル"
CAREY,"キャレイ,ケアリ,ケリー,キャリー,ケーリー,ケアリー,カリー,カレー,カーレイ,キャライ,キャリィ,キャレー,ケイリー,ケーレー"
STAFFORD,"スタフォード,スタッフォード,スタッドフォード"
GALLEGOS,"ガエーゴス,ガジェーゴス,ガリェーゴス,ガリェゴス"
HENSON,"ヘンスン,ヘンソン"
WILKINSON,"ウィルキンスン,ウイルキンソン,ウィルキンソン"
BOOKER,"ブッカー,ブーカー,ブカー"
MERRITT,メリット
MIRANDA,ミランダ
ATKINSON,"アトキンスン,アトキンソン,アッキンソン,アットキンソン"
ORR,"オァー,オアー,オル,オルー,オー,オア,オール,オーア"
DECKER,デッカー
HOBBS,"ホッブス,ホッブズ,ハッブズ,ハブズ,ホブス"
PRESTON,"プレストン,プリストン"
TANNER,"タンネル,タナー,ターナー,タネール,タンナー,テナー"
KNOX,"ノックス,ナックス"
PACHECO,"パシェコ,パチェーコ,パチェコ,パシコ,パチェイコー"
STEPHENSON,"スチーブンソン,スティーヴンスン,スティーヴンソン,スティーブンソン,スチーヴンスン,スチーヴンソン,スチブンソン,スティヴンソン,スティーブンスン,スティーフンソン,スティブンソン,ステファンソン,ステフェンソン"
GLASS,"グラース,グラス"
ROJAS,"ローハス,ロハス"
SERRANO,"セラーノ,セラノ,セッラーノ"
MARKS,"マークス,マアクス,マルクス"
HICKMAN,ヒックマン
ENGLISH,"イングリッシュ,イングリシュ"
SWEENEY,"スウィーニー,スィーニ,スゥイーニー,スウィニー,スウィーニィ"
STRONG,"ストロング,スツロング"
PRINCE,"プランス,プリンス"
MCCLURE,"マクリュア,マクルアー,マックルーア,マクルーア,マクルァ,マクルア,マクレアー,マックリュア,マックリュアー,マックルー,マックルア"
CONWAY,"コンウェー,コンウェイ,コーンウェイ,コンウエイ"
WALTER,"ヴァルテール,ヴァルテル,ウェルター,ウォールター,ウオルター,ウォルト,バルター,ワルテル,ヴァルター,ウォルター,ワルター,ウァルター,ヴァルタ,ウァルテル,ウォオルタァ,ウォーター,ウォートル,ウォールタ,ウォルタ,ウォールタア,ウォルタア,ウォルタル,ウォルトル,オウルター,オルター,オルタル,バウテル,バルテル,ワァルター,ワーテル,ワルタ,ワルタル,ワルテール"
ROTH,"ロース,ロス,ロート,ロオト"
MAYNARD,"メイナード,メーナード,メーナードー,メーナール,メナール"
FARRELL,"ファラル,ファーレル,ファレル"
LOWERY,"ラウリー,ロウェリー,ロウリー,ローリー"
HURST,"ハースト,ハァースト,フルスト"
NIXON,"ニクソン,ニキソン"
WEISS,"ワイズ,ヴァイス,ワイス,ウァイス,ウェイス,ヴェス,バイス"
TRUJILLO,"ツルヒーロ,トルヒージョ,トルヒューロ,トルヒーヨ,トルヒーリョ,トルヒリョ"
ELLISON,"エリスン,エリソン,エリッソン"
SLOAN,"スローン,スローアン,スロウン,ソローン"
JUAREZ,"ジュアレス,ヤウレッツ"
WINTERS,"ウインターズ,ウィンタース,ウィンターズ,ウインタース,ヴィンタース"
MCLEAN,"マクリーン,マクレイン,マクレーン,マックリーン,ミクリアン"
RANDOLPH,ランドルフ
LEON,"リーオン,リオン,レオ,レオン,リーアン,リアン,レオーネ,レオーン"
BOYER,"ボアイエ,ボイヤー,ボワイエ,ボアイエー,ボイアー"
VILLARREAL,ヴィラリアル
MCCALL,"マコール,マッコール"
GENTRY,"ジェントリー,ジェントリィ"
CARRILLO,"カリーリョ,カリリョ,カリージョ,カリーヨ,カーリロ"
KENT,"ケント,ケン"
AYERS,"エアーズ,エアズ,エイヤース"
LARA,"ラーラ,ララ,ラーラー"
SHANNON,シャノン
SEXTON,"ゼクストン,セクストン,セキストン,セックストン"
PACE,"パーチェ,ペース,ペイス"
HULL,"ハル,フル"
LEBLANC,"ルブラン,ルブランク"
BROWNING,"ブローニング,ブラウニング,ブラウィング,ブラゥニング,ブラウンニング,ブロウニング"
VELASQUEZ,ベラスケス
LEACH,リーチ
CHANG,"チアン,チャン,ザン,ジャン,チェン,ツアン"
HOUSE,ハウス
SELLERS,"セラーズ,セラー,セルラース"
HERRING,"ヒーリング,ヘリング,ハーリング,ヘーリング"
NOBLE,"ノーブル,ノブレ"
FOLEY,"フォリー,フォーリー,フォウリ,フォーレー,フォーレイ,ホリー"
BARTLETT,バートレット
MERCADO,"メルカド,メルカード"
LANDRY,"ランドリー,ランドリ"
DURHAM,"ダーラム,ダラム,ダーハム,デューラム,ドゥルハム"
WALLS,"ウォールス,ウォールズ"
BARR,"バール,バー"
MCKEE,マッキー
BAUER,"バウワー,バウアー,バウァー,バウア,バウイル,バウェル,ボーアー,ボーエル"
RIVERS,"リヴァース,リヴァーズ,リバース,リバーズ"
EVERETT,"エヴェレット,エバレット,エヴァレット,エベレット,イヴェレット,エヴァリット,エヴァリト,エヴリット,エヴレット,エッブェレット,エバレッツ"
BRADSHAW,"ブラッドショー,ブラッドシャウ,ブラッドショウ"
PUGH,"ピュー,パーク,ポウ"
VELEZ,"ベレス,ヴェレス"
RUSH,ラッシュ
ESTES,"エスティス,エステス,エスティーズ,エスティズ"
DODSON,"ドッドソン,ダッドソン,ダドソン,ドオドソン,ドッドスン,ドドスン,ドドソン"
MORSE,"モールス,モース,モーズ"
SHEPPARD,シェパード
WEEKS,ウィークス
CAMACHO,"カマーチョ,カマチョ"
BEAN,ビーン
BARRON,バロン
LIVINGSTON,"リヴィングストン,リビングストン,リーヴィングストン,リヴィングストーン,リービングストン,リビングストーン"
MIDDLETON,"ミドルトン,ミッドルトン"
SPEARS,"スピアーズ,スピアズ"
BRANCH,ブランチ
BLEVINS,"ブレヴィンス,ブレビンス"
CHEN,"チェヌ,チェン,チャン,チン,ツン,ヘン"
KERR,"ケル,カー,カア,カール,ケーア,ケアー"
MCCONNELL,"マコネル,マッコネル,マコーネル,マコンネル,マコンル,マックコネル,マッコーネル"
HATFIELD,"ハットフィールド,ハットフィルド,ハトフィールド"
HARDING,"ハーディング,ハールディング,ハルディング"
ASHLEY,"アシュレー,アシュレイ,アシュリー,アシュリ,アシレイ,アッシュリー,アッシュレー,アッシレー"
SOLIS,"ソリス,ゾーリス,ゾリス"
HERMAN,"エルマン,ヘアマン,ハーマン,ヘルマン,ヘアーマン,ヘンルマン"
FROST,フロスト
GILES,"ジャイルズ,ガイルズ,ギルス,ギレス,ジャイルス,ジャールズ,ジル"
BLACKBURN,ブラックバーン
WILLIAM,"ウィリアム,ウイリアム,イルレム,ヴィリアム,ウィリアン,ウィリウム,ウィリャム,ウィリヤム,ウィルアム,ウィルヤム,ヴィルラム,ウィルリァム,ウィルリアム,ウィルリェム,ウィルリャム,ウィルリヤム,ウィルレム,ウィレム,ウェリアム,ウヒルリアム,ビリアム"
PENNINGTON,"ペニントン,ペニングトン"
WOODWARD,"ウッドウォード,ウッドワード,ウォードワード"
FINLEY,"フィンレー,フィンレイ,フィンリー,フィンリ"
MCINTOSH,"マキントッシュ,マッキントッシュ,マキントシュ"
KOCH,"コーク,コック,コッチ,コッホ,コー,コーシュ,コッシュ"
BEST,ベスト
SOLOMON,"ソロモン,サラモン,シェローモー,シェロモ,シュローモー,ゾロモン"
MCCULLOUGH,"マクロウ,マックロウ,マカーラク,マカルー,マカロウ,マカロック,マッカラ,マッカラー,マッカラフ,マッカロー,マッカロック"
DUDLEY,"ダドリ,ダドレイ,ダッドリー,ダドリー,ダッドリ,ダッドレー,ダッドレイ,ダドレー,ドュドリー"
NOLAN,"ノラン,ノーラン,ノウラン"
BLANCHARD,"ブランシャール,ブランチャード"
RIVAS,"リヴァス,リーバス,リバス,ライバス,リーヴァス"
BRENNAN,"ブレナン,ブレンナン"
MEJIA,メヒア
KANE,"ケイン,ケーン,カーヌ,カーネ,カーネー,カーン"
BENTON,"ベントン,ベンタン"
JOYCE,"ジョイス,ジォイス"
BUCKLEY,"バックレー,バックレイ,バックリー,バックリ,バックリィ"
HALEY,"ヘーリー,ハーレイ,ヘイリー,ハーレー,ヘィリー,ヘイリィ,ヘンリー"
VALENTINE,"ヴァランティーヌ,ヴァレンチン,ヴァレンティン,ヴァレンタイン,バレンタイン,ヴァランチーヌ,ヴァランティヌ,バレンティン,ファレンタイン"
MADDOX,"マドクス,マドックス"
RUSSO,"ラッソ,ルッソ,ルーソー,ルソ,ロッソ"
MCKNIGHT,"マクナイト,マックナイト"
BUCK,"バック,ブック"
MOON,"ムン,ムーン"
MCMILLAN,"マクミラン,マックミラン,ミックミラン"
CROSBY,"クロズビー,クロスビー,クロスバイ,クロースビー,クロスビ,クロズビ,クロスビィ"
BERG,"ベリ,ベール,ベルグ,バーグ,ベルク,バーク,ベリイ,ベルイ,ベールク,ベルフ"
DOTSON,ドットソン
MAYS,"メイズ,メーズ"
ROACH,ローチ
CHURCH,"チャーチ,チャルチ"
CHAN,"チェン,チャン,チャ,チャヌ"
RICHMOND,"リッチモンド,リチモント,リチモンド"
MEADOWS,"メドウズ,ミード,メドウス,メドース,メドーズ"
FAULKNER,"フォークナー,ファルクナー,フォクナー,フォークナァ,フォルクナー"
ONEILL,
KNAPP,"クナップ,ナップ"
KLINE,クライン
BARRY,"バーリー,バリ,ベーリ,ベリー,バリー,バーリ,バリイ,バーレー,ベアリー"
OCHOA,"オチョア,オチョーア"
JACOBSON,"ジェイコブスン,ジェイコブソン,ジェーコブソン,ヤコブソン,ジャコブスン,ジャコブソン,ヤーコプソン"
GAY,"ガイ,ゲー,ゲイ"
AVERY,"エイヴァリー,エイヴリ,エイヴリー,エーブリー,アベリー,エイブリー,アヴェリー,アヴェリイ,エィヴァリー,エイヴェリー,エイバリ,エイバリー,エイブリ,エイベリー,エヴァリー,エーヴリ,エーヴリー,エヴリ,エーベリー"
HENDRICKS,"ヘンドリックス,ヘンドリクス"
HORNE,"ホーン,ホルン"
SHEPARD,シェパード
HEBERT,"エベール,ヘバート,ヘーベルト,ヘルベルト,ユベール"
CHERRY,"チェリー,シェリー,チェリイ"
CARDENAS,カルデナス
MCINTYRE,"マッキンタイヤー,マッキンタイア,マキンタイア,マッキンタィア,マッキンタイアー,マッケンタイヤー"
WHITNEY,"ウィットニー,ホイットニー,ウィトニー,ホィットニー,ホイットニ,ホイトニー,ホイトニイ,ホウィットニ"
WALLER,"ワラー,ウォーラー,ウォラー,ウァレル,ワーラー"
HOLMAN,"ホールマン,ホルマン,フールマン,ホウルマン"
DONALDSON,"ドナルドソン,ドナルドスン"
CANTU,カンタ
TERRELL,テレル
MORIN,"モーリン,モリン,モラン,モーラン,モリヌス"
GILLESPIE,"ジレスピー,ガレスピー,ギレスピー,ギャレスピー,キレスピー,ギレスビー,ギレスピ,ジルレスピー,ジレスピ"
FUENTES,"フェンテス,フエンテス,フュエンテス"
TILLMAN,ティルマン
SANFORD,サンフォード
BENTLEY,"ベントレー,ベントレイ,ベントリー,ベントリ,ベントリィ,ベントレィ"
PECK,"ペック,ペク"
KEY,"ケー,キー,ケイ,カイ,キイ"
SALAS,サラス
ROLLINS,"ローリンズ,ロリンズ"
GAMBLE,"ガンブル,ギャンブル,ギャムブル"
DICKSON,"ディクスン,ディクソン,ディックソン"
BATTLE,バトル
SANTANA,"サンターナ,サンタナ"
CABRERA,"カブレラ,カブレーラ,キャブレラ"
CERVANTES,"セルバンテス,サーヴァンテス,セルヴァンチス,セルヴァンテス,セルヴァンデース,セルヴンテス,セルバンデス,セルバント"
HOWE,"ハオウ,ホー,ホウ,ハウ,ヒュー"
HINTON,ヒントン
HURLEY,"ハーリー,ハーレー,ハーレイ,ハーリ,ハーリィ"
SPENCE,スペンス
ZAMORA,"サモラ,サモウラ,ザモーラ"
YANG,"ヤング,ヤン"
MCNEIL,"マクニール,マクネイル,マックニール"
SUAREZ,"スアレス,スアレズ"
CASE,"ケイス,ケース,カゼ"
PETTY,"ペティー,ペティ,ペチー,ペッティ,ペッティー,ペテイ"
GOULD,"ゴウルド,グールド,グウルド,グルード,ゴールト,ゴールド"
MCFARLAND,"マクファーランド,マクファランド,マックファーランド"
SAMPSON,"サンプソン,サムプソン,サンプスン"
CARVER,"カーヴァー,カーバー,カアヴー,カアバア,カーヴァ"
BRAY,"ブレー,ブレイ,ブレ"
ROSARIO,"ロサリオ,ロザリオ"
MACDONALD,マクドナルド
STOUT,スタウト
HESTER,"ヘスター,ヘスタ"
MELENDEZ,メレンデス
DILLON,"ディロン,ジロン,ディラン,ディリョン,デロン"
FARLEY,"ファーレイ,ファーリー,ファーリ,ファーリィ,フィーリィ"
HOPPER,"ホッパー,ホパー,ポパー"
GALLOWAY,"ギャロウェイ,ガッロウェイ,ガローウェー,ガロウエー,ギャラウェー,ギャラウェイ,ギャロウェー"
POTTS,"ポッツ,ポットス"
BERNARD,"バーナド,ベルナルト,バーナード,ベルナール,ベルナルド,バアナアド,バァナード,バアナド,バーナァド,バナァド,バナード,バーンド,ベルナァル,ベルナード,ベルナル,ベルナーレ,ベルンド"
JOYNER,"ジョイナー,ジョイネル"
STEIN,"スティン,ステイン,シュタイン,スタイン,シュテイン,スタン"
AGUIRRE,"アギーレ,アギレ,アギアリー,アギルレ,アギレー,アグィーレ"
OSBORN,"オスボーン,オズボーン,オスボルン,オスボン"
MERCER,"マーサー,マーサ"
BENDER,"ベンダー,ベンター,ベンダ"
FRANCO,フランコ
ROWLAND,"ロウランド,ローランド"
SYKES,サイクス
BENJAMIN,"ベンジャマン,バンジャマン,ベンジャミン,ベンヤミン,ベンハミン,ベンヤミーン"
TRAVIS,"トラヴィス,トラビス,トレーヴィス"
PICKETT,"ピケット,ピッケット"
CRANE,"クレイン,クレーン"
SEARS,"シアーズ,シーアーズ,シアズ,スィアーズ"
MAYO,"マヨ,メイオ,メイヨー,メーヨー,メイヨ,マヨー,メイヨウ,メイリ,メーオー,メーヨ,メーヨオ"
DUNLAP,ダンラップ
HAYDEN,"ハイドン,ヘイデン,ヘイドン,ハイデン,ヘードン"
WILDER,"ワイルダー,ウイルダー,ウィルダア,ワイルダア,ワイワダー"
MCKAY,"マッケイ,マカーイ,マッカイ"
COFFEY,"コッフィ,コーフィ,コフィ,コフィー"
MCCARTY,"マッカーティ,マッカーティー,マカーティ,マカーティー"
EWING,"ユーイング,アーウィング,エウィング,ユーウィング,ユウィング"
COOLEY,"クーリー,クーリ,クリー,クーレー,クーレイ,コーレイ"
VAUGHAN,"ヴォーン,ボーガン,ボーン,ヴォーガン,ヴォーギャン,バン,ボーハン"
BONNER,"ボンネル,ボナー,ボンナー"
COTTON,"コトン,コットン"
HOLDER,"ホールダー,ホルダー,フェルダー"
STARK,"シュタルク,スタルク,スターク,シュターク,スタァク"
FERRELL,"フェレル,ファーレル,ファレル"
CANTRELL,キャントレル
FULTON,フルトン
LYNN,"リン,ラン,リーン"
LOTT,ロット
CALDERON,"カルデロン,コールドロン"
ROSA,"ローサ,ロザ,ローザ,ロサ,ロオザ,ロージャ,ローズ"
POLLARD,"ポラード,ポーラード,ポルラード"
HOOPER,"フーパー,フーペル"
BURCH,バーチ
MULLEN,"マレン,ミューレン"
FRY,フライ
RIDDLE,"リドル,リッドル"
LEVY,"リービー,レビー,レヴィ,レビ,リーヴィ,リヴィー,リービ,ルヴィ,レヴィー,レビィ"
DAVID,"ダヴィット,ダーヴィド,ダヴィード,ダヴッド,ダビット,ディヴィッド,デイヴィット,ディヴィド,デイヴィト,ディビッド,デヴィド,ダーフィト,デイヴィド,デービット,デビット,ダヴィッド,ダーヴィト,ダヴィド,ダビッド,ダビド,デイヴィッド,デイビッド,デーヴィッド,デヴィッド,デーヴィド,デービッド,デビッド,タヴィッド,ダーヴィット,ダーヴィッド,ダウィット,ダウィッド,ダヴィデ,ダーウィード,ダーヴィート,ダウィド,ダヴィト,タビッド,ダビデ,ダービト,ダビード,ダビト,ダーフィット,ディーヴィッド,ディヴィット,テイヴィド,ディヴィト,デイウィド,デイヴット,デイヴッド,ディビィッド,デイビィド,ディビット,ディビド,デーヴィット,デウィット,デヴィット,デーヴット,デゼヴィッド,デビィッド,テビッド,デビーッド,デービド,デビド,ドヴィド"
DUKE,デューク
ODONNELL,
GUY,"ギィ,ギュイ,ヒー,ギイ,ガイ,ギー,ギィー,グァイ,グィ,グイー,グゥイ"
MICHAEL,"ミーカエール,ミカル,ミシェール,ミシェル,ミッシェル,ミハイル,マイクル,マイケル,ミカエル,ミハエル,ミヒャエル,マイカル,マエケル,ミーカエル,ミカエール,ミケール,ミケル,ミシェウ,ミシュール,ミチアル,ミチェール,ミッカエル,ミッシェール,ミッシャエル,ミッチェル,ミハイロ,ミハエール,ミハル,ミヒァエル,ミヒェル,ミヒャエール,ミヘアル"
BRITT,ブリット
FREDERICK,"フレデリク,フレドリック,フレデリック,フヒリテリック,フレディリック,フレデリキ,フレデリッキ,フレデリッック,フレデレッキ,フレドリク"
DAUGHERTY,"ドーアティ,ドーアティー,ドアティ,ドーハーティ,ドーハティ,ドハーティ,ドハティ,ドーリィティー"
BERGER,"バージャー,ベリエル,ベルゲル,ベルジェ,バーガー,ベルガー,バジャー,ベルイェル,ベルシェ,ベルジェー,ベルジェエ,ベルジュ,ベルハー"
DILLARD,ディラード
ALSTON,"オルストン,アルストン,オールストン"
JARVIS,"ジャーヴィス,ジャービス,ジャビス,ジャルヴィス"
FRYE,"フライ,フライア"
RIGGS,"リッグス,リッグズ,リグス,リグズ,リブス"
CHANEY,"チャニー,チェイニー,チェイニィ,チェニー"
ODOM,"オードム,オドム,オドーム"
DUFFY,"ダフィ,ダフィー,ダッフィ,デューフィ,デュフィ"
FITZPATRICK,フィッツパトリック
VALENZUELA,"バレンスエラ,バレンズエラ,ヴァレンスエラ,ヴァレンズエラ,バレンセラ"
MERRILL,メリル
MAYER,"マイアー,マイエル,メーヤー,メイヤー,マイヤー,マイア,マイエー,マイエール,マイヤア,メイア,メイアー,メイエール"
ALFORD,"アルフォード,オールフォード,オルフォード"
MCPHERSON,"マクファーソン,マウクフアーソン,マクファースン,マクフィアスン,マックファーソン"
ACEVEDO,
DONOVAN,"ドノヴァン,ドノバン,ドノファン"
BARRERA,"バレラ,バレーラ"
ALBERT,"アルバート,アルベール,アルベルト,アリベルト,アルバー,アルバアト,アルブレヒト,アルベー,アルベェル,アルベース,アルベット,アルベル,アールベルト,アルベーロ,オルブラフト"
COTE,コート
REILLY,"ライリ,ライリー,レイリー,ライリイ"
COMPTON,コンプトン
RAYMOND,"レーモンド,レイモン,レイモンド,レーモン,レモン,ライモンド,ラモン,レイマンド,レイモント,レェモン,レエモンド"
MOONEY,"ムーニー,ムーニ,ムーニィ,ムーネー"
MCGOWAN,"マゴーワン,マッガワン,マガウアン,マガウワン,マクガワン,マクゴーアン,マクゴウアン,マクゴーワン,マクゴワン,マッゴーワン"
CRAFT,クラフト
CLEVELAND,"クリーヴランド,クリーブランド"
CLEMONS,"クレモンス,クレモンズ"
WYNN,"ウィン,ワイン"
NIELSEN,"ニルセン,ニールセン,ニールスン,ニールゼン,ネルセン"
BAIRD,"バード,ベアード,バイルド,ベアド,ベイアード,ベイルド"
STANTON,スタントン
SNIDER,スナイダー
ROSALES,"ロサーレス,ロサレス,ロセイルズ"
BRIGHT,"ブライト,ブライド"
WITT,"ウィット,ヴィット,ウィト,ビット"
STUART,"ステュアート,スチュアート,スチュワート,スチューアート,スチュアード,スチュアト,スチュアル,スチュウット,スチュワード,ステューアート,ステューアト,ステュウット,ステュワート,スュチアト"
HAYS,"ヘイズ,ヘーズ"
HOLDEN,"ホールデン,ホウルデン"
RUTLEDGE,"ラトリッジ,ラットレッジ,ラトリジ,ラトレッジ,ルトレッジ"
KINNEY,キニー
CLEMENTS,クレメンツ
CASTANEDA,"カスタニェーダ,カスタネダ,カストラニェダ"
SLATER,"スレイター,スレーター,スラッター"
HAHN,"アーン,ハン,ハーン,ヘーン"
EMERSON,"エマースン,エメルソン,エマスン,エマーソン,エマソン,エマアスン,エマァソン,エマルソン"
CONRAD,"コンラット,コンラッド,コンラート,コムラッド,コンラ,コンラード,コンラド"
BURKS,バークス
DELANEY,"ディレイニー,ディレーニー,デラニー,ディラニー,ディレーニイ,デレーニ"
PATE,"ペイト,パティ,ペート"
LANCASTER,"ランカスター,ランキャスター"
SWEET,"スウィート,スィート"
JUSTICE,ジャスティス
TYSON,"タイスン,タイソン"
SHARPE,シャープ
WHITFIELD,"ウィットフィールド,ホイットフィールド,ウィトフィールド,ホウィットフィールド"
TALLEY,"タリー,テリー"
MACIAS,マシアス
IRWIN,"アーヴィン,アーウィン,アウィン,アービン"
BURRIS,"バリス,ビューリス,ブリス"
RATLIFF,ラトリフ
MCCRAY,マッククレイ
MADDEN,"マデン,マドン,マッデン,マドゥン"
KAUFMAN,"コーフマン,カウフマン,カーフマン,コフマン"
BEACH,"ビーチ,バァーチ"
GOFF,"ゴッフ,ゴフ,ガフ"
CASH,キャッシュ
BOLTON,"ボルトン,ボウルトン,ボールトン"
MCFADDEN,"マクファデン,マクファーデン,マックファッデン,マックファーデン,マックファデン"
LEVINE,レヴィン
GOOD,グッド
BYERS,"バイアース,バイヤーズ,バイアーズ"
KIRKLAND,カークランド
KIDD,"キッド,キット"
WORKMAN,ワークマン
CARNEY,"カーニー,カーニィ,カーネイ"
DALE,"デイル,デール,ディール,ディル,デル"
MCLEOD,"マクラウド,マクロード,マクレオド,マクレオッド,マクロイド,マックラウド,マックレオド"
HOLCOMB,ホルコム
ENGLAND,イングランド
FINCH,フィンチ
HEAD,ヘッド
BURT,バート
HENDRIX,"ヘンドリクス,ヘンドリックス"
SOSA,"ソーサ,ソウザ,ソサ"
HANEY,"ハニー,ヘイニー,ハネイ,ヘイニ,ヘネー"
FRANKS,フランクス
SARGENT,"サージェント,サージャント,サーゼント,サルゼント"
NIEVES,"ニエベス,ニエヴェス,ニーベス"
DOWNS,"ダウンズ,ダウン"
RASMUSSEN,"ラスムセン,ラスムッセン,ラスマッセン,ラスミュッセン"
BIRD,"バード,バァード,ビルト"
HEWITT,"ヒューイット,エヴィット,エビット,ヒーウィット,ヒュイット,ヒューウィット,ヒューエット,ヘウィット"
LINDSAY,"リンジー,リンゼー,リンゼイ,リンジ,リンジィ,リンジイ,リンズイー,リンドセイ"
LE,"リー,レー,レイ"
FOREMAN,"フォーマン,フォアマン"
VALENCIA,"バレンシア,ヴァレンシア"
ONEIL,
DELACRUZ,デラクルス
VINSON,"ヴィンソン,ビンソン"
DEJESUS,デゼズス
HYDE,ハイド
FORBES,"フォーブス,フォーブズ,フォーヴズ,フォーバース,フォルブ"
GILLIAM,ギリアム
GUTHRIE,"ガスリ,ガスリー,グースリー,グスリー"
WOOTEN,ウーテン
HUBER,"ヒューバー,フーバー,ヒュバー,ヒューバート,フーベル,フベール,ユーベル,ユベール"
BARLOW,"バーロー,バーロウ,バーロ"
BOYLE,ボイル
MCMAHON,"マクマーン,マクマホン,マクマホーン"
BUCKNER,"バックナー,バクナー"
ROCHA,"ローシャ,ロシャ,ロシヤ,ロチャ,ロッシャ"
PUCKETT,パケット
LANGLEY,"ラングレイ,ラングリー,ラングレー,ラングリ"
KNOWLES,"ノールス,ノウルズ,ノールズ,ノウレス,ノーレス"
COOKE,"クック,クーク,クッキー,コーク,コック"
VELAZQUEZ,ベラスケス
WHITLEY,"ホイットリー,ウィットリー,ウィットレイ,ウィトリー,ホイットレー,ホワイトリー"
NOEL,"ノーエル,ノール,ノエル,ノーイル,ノーウェル,ノウェル,ノエン"
VANG,ヴァン
