SMITH,スミス
JOHNSON,ジョンソン
WILLIAMS,ウィリアムズ
JONES,ジョーンズ
BROWN,ブラウン
DAVIS,デイビス
MILLER,ミラー
WILSON,ウィルソン
MOORE,ムーア
TAYLOR,テイラー
ANDERSON,アンダーソン
THOMAS,トーマス
JACKSON,ジャクソン
WHITE,ホワイト
HARRIS,ハリス
MARTIN,マーティン
THOMPSON,トンプソン
GARCIA,ガルシア
MARTINEZ,マルティネス
ROBINSON,ロビンソン
CLARK,クラーク
RODRIGUEZ,ロドリゲス
LEWIS,ルイス
LEE,リー
WALKER,ウォーカー
HALL,ホール
ALLEN,アレン
YOUNG,ヤン
HERNANDEZ,ヘルナンデス
KING,キング
WRIGHT,ウリクト
LOPEZ,ロペス
HILL,ヒル
SCOTT,スコット
GREEN,グリーン
ADAMS,アダムス
BAKER,ベイカー
GONZALEZ,ゴンザレス
NELSON,ネルソン
CARTER,カーター
MITCHELL,ミッチェル
PEREZ,ペレス
ROBERTS,ロバーツ
TURNER,ターナー
PHILLIPS,フィリップス
CAMPBELL,キャンベル
PARKER,パーカー
EVANS,エヴァンス
EDWARDS,エドワーズ
COLLINS,コリンズ
STEWART,スチュアート
SANCHEZ,サンチェス
MORRIS,モリス
ROGERS,ロジャース
REED,リード
COOK,クック
MORGAN,モルガン
BELL,ベル
MURPHY,マーフィー
BAILEY,ベイリー
RIVERA,リベラ
COOPER,クーパー
RICHARDSON,リチャードソン
COX,コックス
HOWARD,ハワード
WARD,ワード
TORRES,トレス
PETERSON,ピーターソン
GRAY,グレー
RAMIREZ,ラミレス
JAMES,ジェームス
WATSON,ワトソン
BROOKS,ブルックス
KELLY,ケリー
SANDERS,サンダース
PRICE,プライス
BENNETT,ベネット
WOOD,ウッド
BARNES,バーンズ
ROSS,ロス
HENDERSON,ヘンダーソン
COLEMAN,コールマン
JENKINS,ジェンキンス
PERRY,ペリー
POWELL,パウエル
LONG,ロン
PATTERSON,パターソン
HUGHES,ヒュース
FLORES,フローレス
WASHINGTON,ワシントン
BUTLER,バトラー
SIMMONS,シモンズ
FOSTER,フォスター
GONZALES,ゴンザレス
BRYANT,ブライアント
ALEXANDER,アレキサンダー
RUSSELL,ラッセル
GRIFFIN,グリフィン
DIAZ,ディアツ
HAYES,ヘーズ
MYERS,マイヤーズ
FORD,フォード
HAMILTON,ハミルトン
GRAHAM,グラハム
SULLIVAN,サリバン
WALLACE,ウォレス
WOODS,ウッズ
COLE,コール
WEST,ウェスト
JORDAN,ヨルダン
OWENS,オーウェンス
REYNOLDS,レイノルズ
FISHER,フィッシャー
ELLIS,エリス
HARRISON,ハリソン
GIBSON,ギブソン
MCDONALD,マクドナルド
CRUZ,クルス
MARSHALL,マーシャル
ORTIZ,オルティス
GOMEZ,ゴメス
MURRAY,マーレー
FREEMAN,フリーマン
WELLS,ウェルス
WEBB,ウェップ
SIMPSON,シンプソン
STEVENS,スティーブンス
TUCKER,タッカー
PORTER,ポーター
HUNTER,ハンター
HICKS,ヒックス
CRAWFORD,クローフォード
HENRY,ヘンリー
BOYD,ボイト
MASON,メースン
MORALES,モラーレス
KENNEDY,ケネディ
WARREN,ウォーレン
DIXON,ディクソン
RAMOS,ラモス
REYES,レイズ
BURNS,バーンズ
GORDON,ゴードン
SHAW,ショー
HOLMES,ホームズ
RICE,ライス
ROBERTSON,ロバートソン
HUNT,ハント
BLACK,ブラック
DANIELS,ダニエルズ
PALMER,パルマー
MILLS,ミルス
NICHOLS,ニコルズ
GRANT,グラント
KNIGHT,ナイト
FERGUSON,ファーガソン
ROSE,ローズ
STONE,ストーン
HAWKINS,ホーキンス
DUNN,ダン
PERKINS,パーキンズ
HUDSON,ハドソン
SPENCER,スペンサー
GARDNER,ガードナー
STEPHENS,ステファン
PAYNE,ペイン
PIERCE,ピアス
BERRY,ベリー
MATTHEWS,マシューズ
ARNOLD,アーノルド
WAGNER,ワーグナー
WILLIS,ウィリス
RAY,レイ
WATKINS,ウォトキンズ
OLSON,オルソン
CARROLL,キャロル
DUNCAN,ダンカン
SNYDER,スナイダー
HART,ハート
CUNNINGHAM,カニングハム
BRADLEY,ブラッドリー
LANE,レイン
ANDREWS,アンドリュース
RUIZ,ルイーズ
HARPER,ハーパー
FOX,フォクス
RILEY,ライリ
ARMSTRONG,アームストロング
CARPENTER,カーペンター
WEAVER,ウィーバー
GREENE,グリーン
LAWRENCE,ローレンス
ELLIOTT,エリオット
CHAVEZ,チャベス
SIMS,シムス
AUSTIN,オースティン
PETERS,ピーターズ
KELLEY,ケリー
FRANKLIN,フランクリン
LAWSON,ローソン
FIELDS,フィールド
GUTIERREZ,グティエレス
RYAN,ライアン
SCHMIDT,シュミット
CARR,カー
VASQUEZ,バスケス
CASTILLO,カスティロ
WHEELER,ウィラー
CHAPMAN,チャップマン
OLIVER,オリバー
MONTGOMERY,モンゴメリー
RICHARDS,リチャーズ
WILLIAMSON,ウィリアムソン
JOHNSTON,ジョンストン
BANKS,バンクス
MEYER,マイヤー
BISHOP,ビショップ
MCCOY,マッコイ
HOWELL,ハウエル
ALVAREZ,アルバレス
MORRISON,モリソン
HANSEN,ハンセン
FERNANDEZ,フェルナンデス
GARZA,ガーザ
HARVEY,ハーベイ
LITTLE,リトル
BURTON,バートン
STANLEY,スタンリー
NGUYEN,グエン
GEORGE,ジョージ
JACOBS,ジェイコブス
REID,リード
KIM,キム
FULLER,フラー
LYNCH,リンチ
DEAN,ディーン
GILBERT,ギルバート
GARRETT,ガレット
ROMERO,ロメロ
WELCH,ウェルチ
LARSON,ラーソン
FRAZIER,フレイザー
BURKE,バーク
HANSON,ハンソン
DAY,デー
MENDOZA,メンドーサ
MORENO,モレノ
BOWMAN,ボーマン
MEDINA,メディナ
FOWLER,ファウラー
BREWER,ブリューワー
HOFFMAN,ホフマン
CARLSON,カールソン
SILVA,シルバ
PEARSON,ピアソン
HOLLAND,ホラント
DOUGLAS,ダグラス
FLEMING,フレミング
JENSEN,ジェンセン
VARGAS,ヴァーガス
BYRD,バード
DAVIDSON,ダビッドソン
HOPKINS,ホプキンス
MAY,マイ
TERRY,テリー
HERRERA,ヘレラ
WADE,ウェイド
SOTO,ソート
WALTERS,ウォルターズ
CURTIS,カーティス
NEAL,ニール
CALDWELL,コールドウェル
LOWE,ロウ
JENNINGS,ジェニングス
BARNETT,バーネット
GRAVES,グレイヴス
JIMENEZ,ヒメネス
HORTON,ホートン
SHELTON,シェルトン
BARRETT,バレット
